Title,Rank,Image,Ranking,Description,Votes,Year,Genre1,Genre2,Genre3
Red Dead Redemption II,1.,"https://m.media-amazon.com/images/M/MV5BMjMyZDY5NTctMzQ0Ny00ZTU0LWE1ZDYtNDYzMjAxYjA1ZGYxXkEyXkFqcGdeQXVyNTgyNTA4MjM@._V1_UX140_CR0,0,140,209_AL_.jpg",9.7,"Amidst the decline of the Wild West at the turn of the 20th century, outlaw Arthur Morgan and his gang struggle to cope with the loss of their way of life.","52,957",2018,Action,Adventure,Crime
The Last of Us,2.,"https://m.media-amazon.com/images/M/MV5BNGQyYmRkZTgtN2Q1MS00MDllLTg5ZmItNDgyMzczNjVlYWVhXkEyXkFqcGdeQXVyMTA0MTM5NjI2._V1_UX140_CR0,0,140,209_AL_.jpg",9.7,"In a hostile, post-pandemic world, Joel and Ellie, brought together by desperate circumstances, must rely on each other to survive a brutal journey across what remains of the United States.","75,383",2013,Action,Adventure,Drama
Wiedzmin 3: Dziki Gon,3.,"https://m.media-amazon.com/images/M/MV5BMDU4ODc1M2UtODg3Ny00NDViLTkxNmQtMzMzZWM1NGRmYTNjXkEyXkFqcGdeQXVyODY5Njk4Njc@._V1_UY209_CR0,0,140,209_AL_.jpg",9.6,"The monster slayer Geralt of Rivia must find his adoptive daughter who is being pursued by the Wild Hunt, and prevent the White Frost from bringing about the end of the world.","32,861",2015,Action,Adventure,Drama
Baldur's Gate III,4.,"https://m.media-amazon.com/images/M/MV5BMWVlMDdhNzYtNDY5ZS00YzdiLWI3NWEtMDUzMGQyMWQ2NDY3XkEyXkFqcGdeQXVyNDg4NjY5OTQ@._V1_UX140_CR0,0,140,209_AL_.jpg",9.7,"Return to Faerun in a tale of fellowship and betrayal, and the lure of absolute power. Mysterious abilities are awakening inside you. Resist, and turn darkness against itself. Or embrace corruption, and become ultimate evil.","4,449",2023,Action,Adventure,Fantasy
Metal Gear Solid,5.,"https://m.media-amazon.com/images/M/MV5BZTk2NjJkYTQtY2ViOC00OWRmLWE5YTktZWJhYmY5M2ZjODA4XkEyXkFqcGdeQXVyMTA0MTM5NjI2._V1_UX140_CR0,0,140,209_AL_.jpg",9.6,"A crack government anti-terrorist squad takes over an obscure Alaskan nuclear disposal facility. Solid Snake is up for the task to infiltrate the facility, rescue the two hostages and thwart the terrorists' plans.","12,737",1998,Action,Adventure,Drama
The Legend of Zelda: Ocarina of Time,6.,"https://m.media-amazon.com/images/M/MV5BZjFkNTA0OGEtYjk5OC00ZDM1LWJmN2QtM2JjY2M1ZTAyYjZlXkEyXkFqcGdeQXVyMTA0MTM5NjI2._V1_UX140_CR0,0,140,209_AL_.jpg",9.6,A young Kokiri boy discovers that his destiny is to free the Seven Sages and save the land of Hyrule from the treacherous sorcerer Ganondorf.,"10,563",1998,Action,Adventure,Fantasy
God of War: Ragnarök,7.,"https://m.media-amazon.com/images/M/MV5BMDQ1MmQ5NTItZTk0ZS00M2E5LTkzNmQtNDI2YWMyOGFlZWVjXkEyXkFqcGdeQXVyOTg3NjI1MTg@._V1_UY209_CR2,0,140,209_AL_.jpg",9.6,"Kratos and his son Atreus face the oncoming Norse apocalypse, Ragnarok.","16,785",2022,Action,Adventure,Drama
Grand Theft Auto V,8.,"https://m.media-amazon.com/images/M/MV5BYjEzMTM4ZmQtZTEzYS00ZGVmLTkwM2EtNWNmMDI4OWQ0MjBmXkEyXkFqcGdeQXVyMTA0MTM5NjI2._V1_UX140_CR0,0,140,209_AL_.jpg",9.5,Three very different criminals team up for a series of heists and walk into some of the most thrilling experiences in the corrupt city of Los Santos.,"70,937",2013,Action,Crime,Drama
Uncharted 4: A Thief's End,9.,"https://m.media-amazon.com/images/M/MV5BMTYzYzIxMjktMDM4NS00MTM5LWJlMDgtNDRhMDNhOGRmY2EwXkEyXkFqcGdeQXVyMTk2OTAzNTI@._V1_UX140_CR0,0,140,209_AL_.jpg",9.4,"Thrown back into the dangerous underworld he'd tried to leave behind, Nathan Drake must decide what he's willing to sacrifice to save the ones he loves.","35,553",2016,Action,Adventure,Drama
God of War,10.,"https://m.media-amazon.com/images/M/MV5BZjc2NmExYWEtMTllNi00NTc5LTliZDgtMWRmMjQzMjg1NDJmXkEyXkFqcGdeQXVyMTA0MTM5NjI2._V1_UX140_CR0,0,140,209_AL_.jpg",9.5,"After wiping out the gods of Mount Olympus, Kratos moves on to the frigid lands of Scandinavia, where he and his son must embark on an odyssey across a dangerous world of gods and monsters.","36,828",2018,Action,Adventure,Drama
Zeruda no densetsu: Tiâzu obu za kingudamu,11.,"https://m.media-amazon.com/images/M/MV5BNmZiNDM4NjktMGY2NC00ZTM0LWI5MmQtMDdkZDcxYzRmMmYzXkEyXkFqcGdeQXVyMTk2OTAzNTI@._V1_UY209_CR4,0,140,209_AL_.jpg",9.5,"When Link and princess Zelda investigate Zonai ruins in a cave beneath the castle, they witness the awakening of a mummified Ganondorf, whose powers then corrupt Link's arm, after which Hyrule Castle is sent floating upward into the sky.","2,529",2023,Action,Adventure,Fantasy
Metal Gear Solid 3: Snake Eater,12.,"https://m.media-amazon.com/images/M/MV5BZTZmNGFkYWEtMmZjYS00MjRhLWJkZDAtNGQ5MGViNjEyYzA5XkEyXkFqcGdeQXVyMTA0MTM5NjI2._V1_UX140_CR0,0,140,209_AL_.jpg",9.5,"In 1964, a U.S. government operative codenamed ""Snake"" must infiltrate mountainous Soviet territory to rescue a scientist building a weapon of terrible power.","11,242",2004,Action,Adventure,Drama
Star Wars: Knights of the Old Republic,13.,"https://m.media-amazon.com/images/M/MV5BN2YwNjdkNGUtYTc1Zi00YjIyLWJiMDgtNTI0YTE2ZjNjYzk1XkEyXkFqcGdeQXVyNzcyMjAwNTE@._V1_UY209_CR4,0,140,209_AL_.jpg",9.5,"A republic soldier, training to become a Jedi Knight, is given the task of halting the conquest of Darth Malak by discovering the location of a weapon known as the Star Forge.","9,235",2003,Action,Adventure,Fantasy
Mass Effect 2,14.,"https://m.media-amazon.com/images/M/MV5BYzAyMTdmMTctNGIxYS00ZDAxLWE2NzktMWEyOGIyN2MwZTU2XkEyXkFqcGdeQXVyNTgyNTA4MjM@._V1_UX140_CR0,0,140,209_AL_.jpg",9.5,"After being revived from death and having to join a pro-human organization without a choice, Commander Shepard must assemble a team, battle a new threat, and make tough choices in order to save the galaxy from total annihilation once more.","21,341",2010,Action,Adventure,Drama
Fainaru fantajî VII,15.,"https://m.media-amazon.com/images/M/MV5BZTdmZDUzODctNzQ3Zi00MGQzLTliYTUtOGU4Yjc5OGY5ZjRmXkEyXkFqcGdeQXVyMTA0MTM5NjI2._V1_UX140_CR0,0,140,209_AL_.jpg",9.5,A former soldier from an evil company joins a mercenary clan to fight the company he once served.,"11,260",1997,Action,Adventure,Drama
Chrono Trigger,16.,"https://m.media-amazon.com/images/M/MV5BZDY3NDJkNTAtM2YwZi00MDYwLTlkMGMtMzQxOGNkNWE3ZmNiXkEyXkFqcGdeQXVyMTA0MTM5NjI2._V1_UX140_CR0,0,140,209_AL_.jpg",9.4,"Crono, a young boy, is thrust to adventure by destiny to destroy an oncoming threat that will destroy the world in 1999.","3,291",1995,Action,Adventure,Fantasy
Bloodborne: The Old Hunters,17.,"https://m.media-amazon.com/images/M/MV5BN2MzYTE5ZjQtNzc4YS00Njc5LWE4NTctMTYyNzQ2NzlmOTE5XkEyXkFqcGdeQXVyNjAwNDUxODI@._V1_UY209_CR4,0,140,209_AL_.jpg",9.5,"In this DLC for Bloodborne (2015), the player-Hunter is transported to the sinister Hunter's Nightmare, a demented place where hunters who become drunk with blood are sent to.","2,070",2015,Action,Adventure,Fantasy
Alan Wake II,18.,"https://m.media-amazon.com/images/M/MV5BNTRkNzgwZGQtYzZhNC00OTFjLWIzMjgtNjM2NDMyYjFiZTAxXkEyXkFqcGdeQXVyMTk2OTAzNTI@._V1_UX140_CR0,0,140,209_AL_.jpg",9.4,"13 years after bestselling writer Alan Wake went missing, a string of ritualistic murders occur in the town of Bright Falls, Washington. Saga Anderson, an FBI agent, is sent to Bright Falls to investigate the murders.","2,640",2023,Action,Crime,Horror
Grand Theft Auto: San Andreas,19.,"https://m.media-amazon.com/images/M/MV5BN2NmOWZmM2EtZGI1Yi00ZDYxLTkxODEtOTMwNmQ0M2IxOWZiXkEyXkFqcGdeQXVyMTA0MTM5NjI2._V1_UX140_CR0,0,140,209_AL_.jpg",9.4,"Carl ""CJ"" Johnson, a member of the Grove Street street gang, comes home after a family tragedy to find it overtaken by crime and corruption, which he must take back before things become worse.","44,151",2004,Action,Crime,-
Cyberpunk 2077: Phantom Liberty,20.,"https://m.media-amazon.com/images/M/MV5BYWFhOGQwODctMDFmNC00NGEyLWI5NTUtZDliYzRmYmM4MzJlXkEyXkFqcGdeQXVyMTA0MTM5NjI2._V1_UY209_CR8,0,140,209_AL_.jpg",9.3,Phantom Liberty is a new spy-thriller adventure for Cyberpunk 2077. Return as cyber-enhanced mercenary V and embark on a high-stakes mission of espionage and intrigue to save the NUS President.,"1,590",2023,Action,Adventure,Crime
Red Dead Redemption,21.,"https://m.media-amazon.com/images/M/MV5BODQ1YzU4MmMtYmE0YS00NTRjLWE4YWMtZWNiNzM4M2ZkMzcxXkEyXkFqcGdeQXVyNTgyNTA4MjM@._V1_UX140_CR0,0,140,209_AL_.jpg",9.4,A former outlaw is forced by the federal government to hunt down the members of his old gang.,"30,157",2010,Action,Adventure,Crime
Elden Ring,22.,"https://m.media-amazon.com/images/M/MV5BODA2NDMzOGUtNzhkNy00YTlmLWFjNGYtMGIyZjRhNDRlOTc4XkEyXkFqcGdeQXVyNjAwNDUxODI@._V1_UX140_CR0,0,140,209_AL_.jpg",9.4,"In a dark fantasy world created by Hidetaka Miyazaki (Dark Souls) and George R. R. Martin (A Song of Ice and Fire), the player is a Tarnished who is called back to the Lands Between to restore the Elden Ring and become the Elden Lord.","9,658",2022,Action,Adventure,Fantasy
Resident Evil 4,23.,"https://m.media-amazon.com/images/M/MV5BNWM2ZjM5ZjgtYjgxMi00NGY2LTgxNTYtYmMzY2EyNTQwNjg1XkEyXkFqcGdeQXVyMTk2OTAzNTI@._V1_UX140_CR0,0,140,209_AL_.jpg",9.3,"In this HD remake of the 2005 game, Leon Kennedy is sent on a mission to rescue the president's kidnapped daughter from a secluded European village where there is something terribly wrong with the locals.","4,993",2023,Action,Adventure,Drama
Batman: Arkham City,24.,"https://m.media-amazon.com/images/M/MV5BZDE2ZDFhMDAtMDAzZC00ZmY3LThlMTItMGFjMzRlYzExOGE1XkEyXkFqcGdeQXVyNTAyODkwOQ@@._V1_UY209_CR0,0,140,209_AL_.jpg",9.4,"When part of Gotham is turned into a private reserve for criminals known as Arkham City, all hell is sure to break loose, and the Dark Knight is the only one who can stop it.","34,565",2011,Action,Crime,Mystery
Half-Life 2,25.,"https://m.media-amazon.com/images/M/MV5BNzEwNDk5NzIxM15BMl5BanBnXkFtZTgwNDA3NzE2MDE@._V1_UY209_CR3,0,140,209_AL_.jpg",9.4,"Dr. Freeman is taken out of stasis by his ""employer"" to help rid the planet of invading aliens forces known as the Combine that entered through the portals he helped create.","17,418",2004,Action,Adventure,Sci-Fi
Portal 2,26.,"https://m.media-amazon.com/images/M/MV5BZWFiODE1NTMtNzM0ZS00NDY4LWExNWYtNTRhZGJhNDQ5N2Q2XkEyXkFqcGdeQXVyNTgyNTA4MjM@._V1_UX140_CR0,0,140,209_AL_.jpg",9.4,"Many years after ""Portal,"" Chell reawakens at Aperture Science and tries to stop GLaDOS once again with the help of Wheatley, who has his own plans for the historical facility.","17,513",2011,Adventure,Comedy,Sci-Fi
Silent Hill 2,27.,"https://m.media-amazon.com/images/M/MV5BNGQwYTI4ODctNGQyNy00OGJjLTkxMGUtM2E1YmQwNWNkNTFiXkEyXkFqcGdeQXVyMTA0MTM5NjI2._V1_UX140_CR0,0,140,209_AL_.jpg",9.4,"After receiving a letter from his late wife, from Silent Hill, James Sunderland heads towards the town to search for her, only to come across a terrifying road of truth and redemption.","7,519",2001,Drama,Horror,Mystery
Zeruda no densetsu: Buresu obu za wairudo,28.,"https://m.media-amazon.com/images/M/MV5BYjI3MjhiNjMtZjRlOC00MzQyLWEzMGMtZjY0MjhjNjRmMWI4XkEyXkFqcGdeQXVyMTA0MTM5NjI2._V1_UX140_CR0,0,140,209_AL_.jpg",9.4,"After a century of hibernation, Link reawakens to once again save a ruined Hyrule from a great evil.","9,713",2017,Action,Adventure,Fantasy
Forgotten Realms: Baldur's Gate II - Shadows of Amn,29.,"https://m.media-amazon.com/images/M/MV5BMjRjOWYzMWYtNjYwNC00Y2RlLTkwZWQtZmI0ZmRjNDFkMGNlXkEyXkFqcGdeQXVyMTA0MTM5NjI2._V1_UX140_CR0,0,140,209_AL_.jpg",9.4,"Jon Irenicus, a sadistic secretive powerful mage bent on revenge, captures Gorion's ward and his/her party for a diabolical experiment.","2,255",2000,Action,Adventure,Fantasy
Metal Gear Solid 4: Guns of the Patriots,30.,"https://m.media-amazon.com/images/M/MV5BOTI4MTNlNDAtZWM1Zi00MDg1LWEwZGYtM2NhMDA3MGFmZWE5XkEyXkFqcGdeQXVyMTA0MTM5NjI2._V1_UX140_CR0,0,140,209_AL_.jpg",9.4,"When the nations of the world rely upon private military companies to fight their battles for them, renegade Liquid Ocelot emerges as the head of a potent coalition of mercenary powers. Solid Snake returns to save the world once again.","11,097",2008,Action,Adventure,Drama
Fallout 2: A Post-Nuclear Role-Playing Game,31.,"https://m.media-amazon.com/images/M/MV5BMzJlMjhlZGUtMmJlZi00NzM5LWFjNDktZDgxY2QxYjc5NTM0XkEyXkFqcGdeQXVyMTA0MTM5NjI2._V1_UX140_CR0,0,140,209_AL_.jpg",9.4,"In a post-nuclear future, the descendant of an ancient exiled hero must leave his tribe in search of the Garden of Eden Creation Kit, the last chance of survival for his people.","4,136",1998,Action,Adventure,Sci-Fi
Planescape: Torment,32.,"https://m.media-amazon.com/images/M/MV5BZWQwNzllYzMtNDg0Ny00ZGJiLWI2NWEtNGJkMjk5Yzg1ZDBkXkEyXkFqcGdeQXVyMTA0MTM5NjI2._V1_UX140_CR0,0,140,209_AL_.jpg",9.4,"In the city of Sigil, the only place from which all realities of the Planescape universe can be reached, an immortal amnesiac, the Nameless One, must uncover his past, the mystery of his immortality as well as who's trying to kill him.","2,141",1999,Adventure,Drama,Fantasy
The Elder Scrolls V: Skyrim,33.,"https://m.media-amazon.com/images/M/MV5BMzk1OWMyNzgtNDI4Mi00ZDYyLWFjZDItMjUwMGE3ZjFjOGQ5XkEyXkFqcGdeQXVyMTA0MTM5NjI2._V1_UX140_CR0,0,140,209_AL_.jpg",9.3,"After escaping execution, the last living Dragonborn must grow in strength and power to defeat the dragons that have once again begun to plague the land of Skyrim.","33,339",2011,Action,Adventure,Fantasy
Spider-Man 2,34.,"https://m.media-amazon.com/images/M/MV5BMDM5Yzg3OGItNzJiMS00MTNlLTg2NmQtZmZlNDYyZjMxYjAxXkEyXkFqcGdeQXVyMTA0MTM5NjI2._V1_UX140_CR0,0,140,209_AL_.jpg",9.3,"Spider-Men, Peter Parker and Miles Morales, return for an exciting new adventure in the critically acclaimed Marvel's Spider-Man franchise.","6,174",2023,Action,Adventure,Crime
Bloodborne,35.,"https://m.media-amazon.com/images/M/MV5BYzYyYjdmMTUtNGEwMi00YjQ3LThlZmYtZjUyNDkwYzBjOGE1XkEyXkFqcGdeQXVyMTA0MTM5NjI2._V1_UX140_CR0,0,140,209_AL_.jpg",9.3,"A hunter awakens in the plagued lands of Yharnam, where the denizens have succumb to beast hood, in an attempt to learn the truth and how to end the plague, unbeknownst of the true horror lurking within the city.","7,368",2015,Action,Adventure,Fantasy
Uncharted 2: Among Thieves,36.,"https://m.media-amazon.com/images/M/MV5BM2Y3OTljMWQtNTU4NC00NjFlLWI2ZTgtOTU3MjBkZDM0YWZhXkEyXkFqcGdeQXVyMTA0MTM5NjI2._V1_UX140_CR0,0,140,209_AL_.jpg",9.3,"After being tracked down by Harry Flynn, Nathan Drake goes on a quest for Marco Polo's lost fleet. However when things take an unexpected turn for the worst, Drake must rely on those closest to him in order to find the Cintomani Stone.","28,015",2009,Action,Adventure,Fantasy
P.T.,37.,"https://m.media-amazon.com/images/M/MV5BOWMxYTgzYjctYTlhYy00YjIxLTlhMTItMTk3MTQ4YTAwN2FjXkEyXkFqcGdeQXVyNTMxMjgxMzA@._V1_UY209_CR111,0,140,209_AL_.jpg",9.3,"The player must navigate a series of continuously looping hallways, solving cryptic puzzles, all while being hunted by a hostile apparition named Lisa.","2,250",2014,Horror,Mystery,-
The Secret of Monkey Island,38.,"https://m.media-amazon.com/images/M/MV5BYzY2NWFhNDktMzc5MS00N2FiLWJkNjktYjg0MGQ4ZDQ4YjAyXkEyXkFqcGdeQXVyMTk5NDI0MA@@._V1_UY209_CR8,0,140,209_AL_.jpg",9.3,"Young pirate wanna-be Guybrush Threepwood sets out to pass the Three Trials, woo the governess Elaine Marley, reach the fabled Monkey Island and vanquish the nefarious ghost pirate LeChuck.","3,284",1990,Adventure,Comedy,Fantasy
Kingdom Hearts II,39.,"https://m.media-amazon.com/images/M/MV5BN2Y2NGFjZmEtMzc4Mi00MTJhLTk3NjctZGUyMzhiZmE1ODYzXkEyXkFqcGdeQXVyNzU3Nzk4MDQ@._V1_UY209_CR3,0,140,209_AL_.jpg",9.3,"Sora and friends face mysterious new enemies as they continue their journey to save all worlds, and find Riku and King Mickey.","7,566",2005,Action,Adventure,Family
Detroit: Become Human,40.,"https://m.media-amazon.com/images/M/MV5BZTkyMzQ3MWUtZWE0YS00ZDNhLThhMzEtZjJmZTM1YTI5NjM0XkEyXkFqcGdeQXVyMzY0MTE3NzU@._V1_UY209_CR7,0,140,209_AL_.jpg",9.2,Take control of three androids in their quest to discover who they really are.,"22,425",2018,Action,Adventure,Drama
Spider-Man,41.,"https://m.media-amazon.com/images/M/MV5BNGQ5YjE0NWYtNDRmNS00MzEyLTgzOWUtZTdiMDk5ZThiZmZkXkEyXkFqcGdeQXVyNTgyNTA4MjM@._V1_UX140_CR0,0,140,209_AL_.jpg",9.2,"When a new villain threatens New York City, Peter Parker and Spider-Man's worlds collide. To save the city and those he loves, he must rise up and be greater.","28,893",2018,Action,Adventure,Fantasy
Ghost of Tsushima,42.,"https://m.media-amazon.com/images/M/MV5BYTU4YjkyMTItY2JlOS00YzE2LThiZDktODIzY2I0MjEzNDQ2XkEyXkFqcGdeQXVyMTI0MzA4NTgw._V1_UY209_CR34,0,140,209_AL_.jpg",9.2,"Set in 1274 on the Tsushima Island, the last samurai, Jin Sakai, must master a new fighting style, the way of the Ghost, to defeat the Mongol forces and fight for the freedom and independence of Japan.","14,574",2020,Action,Adventure,Drama
Grand Theft Auto: Vice City,43.,"https://m.media-amazon.com/images/M/MV5BMzdkMTM3ODEtZjFkNi00NzFiLTgxMTEtZWZlMDJmMzkyODNiXkEyXkFqcGdeQXVyMTA0MTM5NjI2._V1_UX140_CR0,0,140,209_AL_.jpg",9.2,"After being released from jail, Tommy Vercetti leaves Liberty City for Vice City, a city overrun by the mob. Now, Tommy is out to make Vice City his home.","29,263",2002,Action,Crime,Drama
Max Payne,44.,"https://m.media-amazon.com/images/M/MV5BNzI2MDYyZTMtMGVjMC00ZjZkLWE1YTUtZGNkY2U5NjE1N2ZhXkEyXkFqcGdeQXVyNTgyNTA4MjM@._V1_UX140_CR0,0,140,209_AL_.jpg",9.2,"A troubled NYPD cop is framed for murder and finds himself being hunted by the police, the mob, and a ruthless corporation.","16,159",2001,Action,Crime,Drama
God of War II,45.,"https://m.media-amazon.com/images/M/MV5BYWQ5ZTM1YmMtNjQ2Ny00OGU4LWI5ZGMtOWNkZTY0MjJjNTZjXkEyXkFqcGdeQXVyMTA0MTM5NjI2._V1_UX140_CR0,0,140,209_AL_.jpg",9.2,"After being betrayed by the gods of Olympus and annulled of his divine powers, Kratos must embark on a journey to meet the Sisters of Fate and take his revenge on Olympus.","10,671",2007,Action,Adventure,Fantasy
Biohazard 4,46.,"https://m.media-amazon.com/images/M/MV5BM2RhYzI4MjgtZDUxYy00Yzk5LWI3ZDYtYmZiMzgwNDY3OTFiXkEyXkFqcGdeQXVyMTU2OTE4Mzky._V1_UY209_CR5,0,140,209_AL_.jpg",9.2,"Six years after the events in Raccoon City, Leon Kennedy, now a federal agent, is sent to a rural part of Spain to rescue the U.S. President's kidnapped daughter, Ashley Graham from a sinister cult.","15,127",2005,Action,Adventure,Drama
The Walking Dead: The Game - Season 1,47.,"https://m.media-amazon.com/images/M/MV5BYWM0OWZmODUtMzRkZC00M2M5LTk0NDAtOWM4M2EwNTE1ZGJkXkEyXkFqcGdeQXVyMTA0MTM5NjI2._V1_UX140_CR0,0,140,209_AL_.jpg",9.2,"In a world devastated by the undead, a convicted criminal is given a second chance at life when he comes across a little girl named Clementine.","14,937",2012,Drama,Horror,Sci-Fi
Half-Life,48.,"https://m.media-amazon.com/images/M/MV5BYzZjZjViMDAtNDc1My00NTFhLTgwYjEtNzJlNjUzYWJlMDc0XkEyXkFqcGdeQXVyMTA0MTM5NjI2._V1_UX140_CR0,0,140,209_AL_.jpg",9.2,Dr. Gordon Freeman must fight his way out of a secret research facility after a teleportation experiment goes disastrously wrong.,"11,171",1998,Action,Sci-Fi,Thriller
Deus Ex,49.,"https://m.media-amazon.com/images/M/MV5BYzg2NGJiZGQtMDc0My00ZGI1LTg3ZTMtZTc4ZDIyOTFkZmMwXkEyXkFqcGdeQXVyMTA0MTM5NjI2._V1_UX140_CR0,0,140,209_AL_.jpg",9.2,"In a dark cyberpunk future where poverty, disease, oppression and terrorism are widespread, J.C. Denton, a new cybernetically-enhanced special agent, finds evidence of a massive conspiracy when his brother, also an agent, goes rogue.","3,410",2000,Action,Adventure,Drama
Kingdom Hearts,50.,"https://m.media-amazon.com/images/M/MV5BYjFiY2ZmNTktYTExMi00ZjJlLWE0MGQtZTFiNGU1YzI1ZmZjXkEyXkFqcGdeQXVyMTA0MTM5NjI2._V1_UX140_CR0,0,140,209_AL_.jpg",9.2,"When his world is destroyed and his friends mysteriously disappear, a young boy named Sora is thrust into a quest to find his missing friends and prevent the armies of darkness from destroying many other worlds.","7,842",2002,Action,Adventure,Family
Persona 5,51.,"https://m.media-amazon.com/images/M/MV5BMzQ5MzQyOTctMDY5ZC00YmNiLWI3YjMtMDQxNjE0ZTcwNWY5XkEyXkFqcGdeQXVyMTA0MTM5NjI2._V1_UX140_CR0,0,140,209_AL_.jpg",9.2,A group of high school students create a vigilante group to expose the crimes of corrupt adults but soon find themselves in the midst of a worldwide conspiracy and targeted by powerful individuals who would do anything to silence them.,"3,319",2016,Action,Adventure,Comedy
Fallout,52.,"https://m.media-amazon.com/images/M/MV5BZThhZTNlMGYtMDE2Zi00MmMyLTk5YmEtZjFhZWE3ZWIyOTI1XkEyXkFqcGdeQXVyMTA0MTM5NjI2._V1_UX140_CR0,0,140,209_AL_.jpg",9.2,"After being sent by the overseer of his vault to search for a new water purifying chip, the player discovers the horrors of post apocalyptic America, and the threat of the Master's Army.","4,055",1997,Action,Adventure,Sci-Fi
Batman: Return to Arkham,53.,"https://m.media-amazon.com/images/M/MV5BMDBlNTg2OTItNDkwMi00M2JhLWIxNmMtMGE0ZGVjNGNkMWZkXkEyXkFqcGdeQXVyMTk2OTAzNTI@._V1_UX140_CR0,0,140,209_AL_.jpg",9.2,Batman: Return to Arkham thrusts players back into the environments of Arkham Asylum and Arkham City with a remastered graphics engine and all DLC.,"2,401",2016,Action,Adventure,Crime
Grim Fandango,54.,"https://m.media-amazon.com/images/M/MV5BMWJjOGNiMmItMWIzNi00NmVhLTgyYWYtNTYyNTc0M2NkNThkXkEyXkFqcGdeQXVyNTAyODkwOQ@@._V1_UX140_CR0,0,140,209_AL_.jpg",9.2,Manuel Calavera is a travel agent in The Land of the Dead who has stumbled across a ring of corruption.,"3,735",1998,Adventure,Comedy,Crime
Super Mario World,55.,"https://m.media-amazon.com/images/M/MV5BMGVlOGI0OTctZGZmOC00ZGE5LWE4YzUtOGVjZjVkYTcyY2Q3XkEyXkFqcGdeQXVyMTA0MTM5NjI2._V1_UX140_CR0,0,140,209_AL_.jpg",9.2,"While Mario and Luigi are vacationing in Dinosaur Land, Bowser kidnaps the Princess. Mario and his new dino friend Yoshi go on a mission to save her.","5,449",1990,Action,Adventure,Family
Akumajo Dracula X: Gekka no Yasokyoku,56.,"https://m.media-amazon.com/images/M/MV5BYTExYTU0NTMtNGVkOC00MDQyLTkxYWYtMzNlY2FkYWQ4Y2E2XkEyXkFqcGdeQXVyNTk1MjA5MjM@._V1_UY209_CR9,0,140,209_AL_.jpg",9.2,"Richter Belmont has vanished just as Castlevania reemerged from the mists. Meanwhile, Alucard, the bastard son of Dracula, has awakened from his eternal slumber, intent on destroying his evil father once and for all.","1,791",1997,Action,Adventure,Fantasy
Wanda to kyozô,57.,"https://m.media-amazon.com/images/M/MV5BNjU2NWMxM2UtN2JlMC00MGI1LWE4MDctNzE0NTE3YTRlMzZjXkEyXkFqcGdeQXVyMTA3NjAwMDc4._V1_UY209_CR19,0,140,209_AL_.jpg",9.2,A young man brings a deceased woman to a forbidden land inhabited by colossal beings said to house the power to revive the dead.,"4,524",2005,Action,Adventure,Drama
Zeruda no densetsu: Kamigami no toraifôsu,58.,"https://m.media-amazon.com/images/M/MV5BZjliNDZkOTQtYWFjMi00ZTk3LThhNDktY2UwYWJlZTkyNDkyXkEyXkFqcGdeQXVyNTAyODkwOQ@@._V1_UY209_CR8,0,140,209_AL_.jpg",9.2,"The wizard Agahnim has abducted seven maidens, intent on using their power to open a portal to the Dark World. Armed with a trusty sword and shield, Link begins a great and treacherous journey.","3,807",1991,Action,Adventure,Fantasy
Persona 4,59.,"https://m.media-amazon.com/images/M/MV5BZjMxZjhkZTEtY2Y1MC00ZmJkLTk5ZDktYzE4OTIwZDBkYjVlXkEyXkFqcGdeQXVyMTA0MTM5NjI2._V1_UX140_CR0,0,140,209_AL_.jpg",9.2,"A high school student forms a group that explores a hidden world accessible through TV sets to find a connection between the ""realm of shadows"" and the mysterious murders in their town.","1,275",2008,Action,Adventure,Comedy
Super Mario Bros. 3,60.,"https://m.media-amazon.com/images/M/MV5BYzk5MGU5ZDUtYWY3Zi00NDM3LTg0ZTctNzZjZThjZTUwYjUyXkEyXkFqcGdeQXVyMTA0MTM5NjI2._V1_UX140_CR0,0,140,209_AL_.jpg",9.2,"King Koopa has kidnapped Princess Toadstool, taken over all seven kingdoms in the Mushroom World, and put his seven kids in charge of all of them. It's the Mario Brothers to the rescue.","5,780",1988,Action,Adventure,Family
Monkey Island 2: LeChuck's Revenge,61.,"https://m.media-amazon.com/images/M/MV5BOGQxNWM1NGItNDc2YS00OGNjLWJmZjktNTliNDE2ZjNjOTE0XkEyXkFqcGdeQXVyMTA0MTM5NjI2._V1_UX140_CR0,0,140,209_AL_.jpg",9.2,"Having vanquished the ghost pirate LeChuck with a soft drink, Guybrush Threepwood now seeks the treasure of Big Whoop. During his quest he discovers LeChuck is back from the dead. Once again.","2,518",1991,Adventure,Comedy,Fantasy
Mass Effect,62.,"https://m.media-amazon.com/images/M/MV5BZjQxMThjZjAtNzZmMy00ODViLWFjNDAtMDJiOWUxZTQ0OGRiXkEyXkFqcGdeQXVyNTgyNTA4MjM@._V1_UX140_CR0,0,140,209_AL_.jpg",9.1,"In a technologically advanced future, an elite human soldier takes command of a prototype star ship and works to defend the galaxy from danger.","19,667",2007,Action,Adventure,Drama
God of War III,63.,"https://m.media-amazon.com/images/M/MV5BZWQ2MjU0ZDEtZDJjMy00YzQwLTkzMDMtZGUwMmY1ZjM4ZTk1XkEyXkFqcGdeQXVyMTA0MTM5NjI2._V1_UX140_CR0,0,140,209_AL_.jpg",9.1,"Armed with his deadly double-chained blades, Kratos must take on Greek mythology's darkest creatures to destroy Olympus and the mighty Zeus himself.","12,705",2010,Action,Adventure,Fantasy
It Takes Two,64.,"https://m.media-amazon.com/images/M/MV5BMGUwMWJkNGEtMjBhNC00MTNlLTgyZGYtMDUxOTQ4NzljNzE5XkEyXkFqcGdeQXVyMTEzMjE5NDg4._V1_UX140_CR0,0,140,209_AL_.jpg",9.1,"The clashing couple Cody and May are turned into dolls by a magic book. Together, trapped in a fantastical world where the unpredictable hides around every corner, they are reluctantly challenged with saving their fractured relationship.","3,747",2021,Adventure,Comedy,Drama
Batman: Arkham Asylum,65.,"https://m.media-amazon.com/images/M/MV5BZTExNTU0YTItYjVjMC00NmRmLWI3NzAtYmE2ZmE2ODFkMzM2XkEyXkFqcGdeQXVyNTgyNTA4MjM@._V1_UX140_CR0,0,140,209_AL_.jpg",9.1,"Batman battles his archenemy, the Joker, who instigates an elaborate plot to seize control of Arkham Asylum, trap Batman inside with many of his incarcerated foes, and threaten Gotham City with hidden bombs.","31,144",2009,Action,Crime,Mystery
Max Payne 2: The Fall of Max Payne,66.,"https://m.media-amazon.com/images/M/MV5BMmMyYWU4ZTEtY2ViOC00YTQ4LWJmOGQtMTMxYWM2OTViY2JmXkEyXkFqcGdeQXVyNTgyNTA4MjM@._V1_UX140_CR0,0,140,209_AL_.jpg",9.1,"The brooding cop has left the DEA and returned to the NYPD. When his latest case ends up involving the thought-dead femme fatale Mona Sax, he finds that his journey through the night is far from over.","11,516",2003,Action,Crime,Drama
Fallout 3,67.,"https://m.media-amazon.com/images/M/MV5BZjg4ODQ4M2YtMGU2OS00MDk4LTk2YzctYTQ4MWNhNzJjOGIyXkEyXkFqcGdeQXVyNTgyNTA4MjM@._V1_UX140_CR0,0,140,209_AL_.jpg",9.1,"Centuries following nuclear war, a teen leaves the safety of an underground vault in order to find their father, who left in hopes of creating a water purifier.","20,133",2008,Action,Adventure,Sci-Fi
BioShock Infinite,68.,"https://m.media-amazon.com/images/M/MV5BM2YzZWJkMWQtODQyMi00Y2IzLWI4ZGQtZjhiZmU1YWU0MmYyXkEyXkFqcGdeQXVyMTk2OTAzNTI@._V1_UY209_CR3,0,140,209_AL_.jpg",9.1,"A man is sent to the flying city of Columbia to find a missing girl. However, upon arrival he discovers that the city, its people, and his objective are all not what they seem.","21,957",2013,Action,Adventure,Drama
Mass Effect 3,69.,"https://m.media-amazon.com/images/M/MV5BMmNlNTk1ZTAtY2I5MC00NDhhLTgwM2UtZGUyZWNlMTYxYjFmXkEyXkFqcGdeQXVyNTgyNTA4MjM@._V1_UX140_CR0,0,140,209_AL_.jpg",9.1,"Earth is under attack by a monstrous race of gigantic living ships known as the Reapers. Even if Commander Shepard could unite all surviving species in the galaxy, only a miracle could save them. Then again, Shepard did come back from the dead.","16,764",2012,Action,Adventure,Drama
BioShock,70.,"https://m.media-amazon.com/images/M/MV5BNjBkZmI4NzktZTJmMC00NDNlLTk2M2ItNGEwODUxZGEwNmZiXkEyXkFqcGdeQXVyNTgyNTA4MjM@._V1_UX140_CR0,0,140,209_AL_.jpg",9.1,"In 1960, a lone survivor of a plane crash named Jack discovers an abandoned underwater utopia, only to find out that the mystery behind its creation is much more sinister than he first believed.","21,788",2007,Action,Adventure,Horror
Dragon Age: Origins,71.,"https://m.media-amazon.com/images/M/MV5BMTE1ZmM5YmEtOWRiNC00Njk2LWI2ZDUtNTRlNjY3ZjU3OGUzXkEyXkFqcGdeQXVyNTgyNTA4MjM@._V1_UX140_CR0,0,140,209_AL_.jpg",9.1,"After four hundred years since the last Blight, a new Archdemon seeks to destroy the land of Ferelden. It is up to the player - as one of the remaining Grey Wardens - to unite the divided armies of Ferelden and save humanity.","8,557",2009,Action,Adventure,Fantasy
Disco Elysium,72.,"https://m.media-amazon.com/images/M/MV5BZWQ4ZTk4NzQtYmQzOS00YjUxLThlY2ItMzUyZDcwY2Q1NjI0XkEyXkFqcGdeQXVyNzUwMDg5MDI@._V1_UY209_CR0,0,140,209_AL_.jpg",9.1,You're a detective tasked with solving a murder in the strange world of Elysium. Utilize a new and innovative skill system to be the detective you want to be. Become a hero or an absolute disaster of a human being.,"1,347",2019,Comedy,Crime,Drama
Dark Souls,73.,"https://m.media-amazon.com/images/M/MV5BNjI4ZmU2YzUtMzk2Ni00YjliLWE4MDAtOTE1ZDJmOTU5ZjRiXkEyXkFqcGdeQXVyNjAwNDUxODI@._V1_UY209_CR12,0,140,209_AL_.jpg",9.1,"After narrowly escaping a doomed fate in an asylum, an undead warrior fights his way through the desolate remains of Lordran, once a sprawling utopia lead by the gods, to seek his purpose and fulfill a centuries old prophecy.","5,992",2011,Action,Adventure,Fantasy
Fainaru fantajî X,74.,"https://m.media-amazon.com/images/M/MV5BYTJhM2ZkZDAtNDA2Zi00OTJiLTgyOWEtZTExNWVlZWZkNzVkXkEyXkFqcGdeQXVyMTA3NjAwMDc4._V1_UY209_CR8,0,140,209_AL_.jpg",9.1,A celebrated young athlete is drawn from his futuristic hometown and convenient lifestyle to a harsh and techno-phobic land by a mysterious force only known as Sin.,"8,516",2001,Adventure,Fantasy,Romance
Dark Souls III,75.,"https://m.media-amazon.com/images/M/MV5BYzJhYTgzYzYtYjdjOC00ZDYyLTg0NjYtZDEwMDlkODA3OWI4XkEyXkFqcGdeQXVyMTk2OTAzNTI@._V1_UX140_CR0,0,140,209_AL_.jpg",9.1,"The fire is fading. Darkness creeps across the land. The Lords of Cinder charged with watching over the First Flame have abandoned their thrones. The Champion of Ash, an undead is chosen to return them to their thrones.","5,791",2016,Action,Adventure,Fantasy
Super Mario 64,76.,"https://m.media-amazon.com/images/M/MV5BNjQzZmQzNWMtZTVmOS00NjU4LTlmNjktOTM2MDQwMjgxMmY0XkEyXkFqcGdeQXVyMTA3NjAwMDc4._V1_UY209_CR5,0,140,209_AL_.jpg",9.1,"When the evil Bowser steals 120 power stars and traps Princess Peach within the walls of her own castle, it's up to Mario to save her once again.","7,000",1996,Action,Adventure,Comedy
Mafia: The City of Lost Heaven,77.,"https://m.media-amazon.com/images/M/MV5BNTYxZDc1ODAtMWIxYy00YzdiLTk2ZDMtM2Q3YmYwMGEzZjQxXkEyXkFqcGdeQXVyMTA0MTM5NjI2._V1_UX140_CR0,0,140,209_AL_.jpg",9.1,You play a 1930s mobster as you act out your confession of your rise in the ranks of organized crime.,"6,417",2002,Action,Crime,Drama
Biohazard 2,78.,"https://m.media-amazon.com/images/M/MV5BMGFlOWY3M2MtZTA0Yy00ZmZhLWFkOGUtMDYwNDlmMDZjYTE3XkEyXkFqcGdeQXVyMTA0MTM5NjI2._V1_UX140_CR0,0,140,209_AL_.jpg",9.1,"Two months after the mansion events, the deadly T-virus escapes into the streets of Raccoon City. Leon Kennedy and Claire Redfield find the police office left abandoned. In an underground facility the story of Umbrella Corp. gets unfolded.","6,442",1998,Action,Horror,Sci-Fi
Portal,79.,"https://m.media-amazon.com/images/M/MV5BOTkyZThiOWEtYzFmYy00NzgwLWJkNGItYzczZTE1NjM1OTAyXkEyXkFqcGdeQXVyNTgyNTA4MjM@._V1_UX140_CR0,0,140,209_AL_.jpg",9.1,A test subject wakes up in a scientific facility controlled by a sadistic artificial intelligence and must escape with the help of the only instrument she has--a gun that makes portals.,"14,259",2007,Adventure,Comedy,Sci-Fi
GoldenEye 007,80.,"https://m.media-amazon.com/images/M/MV5BMDAwODIxNWEtYzlhYi00MDBkLWEyMGUtZTk0M2ZlNDU5NDE1XkEyXkFqcGdeQXVyMTA0MTM5NjI2._V1_UX140_CR0,0,140,209_AL_.jpg",9.1,James Bond must track down agent-turned-terrorist Alec Trevelyan to stop the launch of a powerful satellite. Play the game that set the stage for the First-person shooter genre on the console.,"6,024",1997,Action,Adventure,Thriller
Super Mario Odyssey,81.,"https://m.media-amazon.com/images/M/MV5BN2ZmYjhkY2EtNTc0Ny00NzE4LTg4ZDctOTQzOGE1NmFiYTRjXkEyXkFqcGdeQXVyMjM5NzU3OTM@._V1_UX140_CR0,0,140,209_AL_.jpg",9.1,Mario must travel to worlds unknown in order to stop Bowser from marrying Princess Peach.,"5,244",2017,Action,Adventure,Family
Final Fantasy VI,82.,"https://m.media-amazon.com/images/M/MV5BZWYzZjc3MTUtOTQyNC00ZGExLThlNzUtMWE1N2MwNDRiZTZlXkEyXkFqcGdeQXVyMTA0MTM5NjI2._V1_UX140_CR0,0,140,209_AL_.jpg",9.1,A mysterious woman joins a group of mercenaries in order to find out about her destiny and means of saving the world from an evil madman.,"3,511",1994,Action,Adventure,Drama
Vampire: The Masquerade - Bloodlines,83.,"https://m.media-amazon.com/images/M/MV5BODExZDQ1NWYtODc5MS00ZTE3LWE1NDAtNzhkMjQwYWM4YmM5XkEyXkFqcGdeQXVyMTA0MTM5NjI2._V1_UX140_CR0,0,140,209_AL_.jpg",9.1,"Beginning your journey as a new Kindred, you must choose your path to follow the high class Vampire Society, or the lawbreaking group of Anarchs as you find your place in this new world.","1,947",2004,Action,Drama,Fantasy
Super Mario Galaxy,84.,"https://m.media-amazon.com/images/M/MV5BOTc2ZTRkMzgtNjlmNi00NDVlLTg4NjAtZjY2NWU4ODJhNDYzXkEyXkFqcGdeQXVyNTM0MjE5NTc@._V1_UX140_CR0,0,140,209_AL_.jpg",9.1,"When Princess Peach is abducted as part of Bowser's galaxy creation scheme, stalwart plumber Mario must leap to her rescue, with the help of new celestial friends and powers.","6,129",2007,Action,Adventure,Family
Half-Life 2: Episode Two,85.,"https://m.media-amazon.com/images/M/MV5BYTg0ZjE5OGEtNTI4MS00NGIwLWEzOGItN2RiNGEyZjczNmQyXkEyXkFqcGdeQXVyNDUzOTQ5MjY@._V1_UY209_CR4,0,140,209_AL_.jpg",9.1,"Gordon Freeman, along with the help of human and non-human allies, continues his fight against the ruthless alien force known as the Combine.","6,710",2007,Action,Adventure,Sci-Fi
StarCraft,86.,"https://m.media-amazon.com/images/M/MV5BOTM3ZjA3OTAtODkzOS00ZWE1LWFhY2MtNmVhOGE2MTJhZGM3XkEyXkFqcGdeQXVyMTA0MTM5NjI2._V1_UX140_CR0,0,140,209_AL_.jpg",9.1,"In 2499 in the Koprulu sector, a ferocious collective race known as the Zerg arrives to massacre the exiled human colonies while a highly advanced race, the Protoss, intervenes to exterminate the Zerg.","5,471",1998,Action,Adventure,Sci-Fi
The Curse of Monkey Island,87.,"https://m.media-amazon.com/images/M/MV5BMzNkZDBjY2QtNjhkNy00ZWRmLWI3MjYtOTJjZThkY2MzMzM3XkEyXkFqcGdeQXVyMTA0MTM5NjI2._V1_UX140_CR0,0,140,209_AL_.jpg",9.1,"After unwittingly turning his true love Elaine into solid gold with a cursed engagement ring, Guybrush Threepwood must find a map, a ship and a crew, sail to Blood Island and track down an uncursed diamond ring to reverse the curse.","2,820",1997,Adventure,Comedy,Fantasy
Super Metroid,88.,"https://m.media-amazon.com/images/M/MV5BNzBmYWFhN2ItZmE3NC00MWZlLTliNDAtZDUwZGRkZTY3YWE3XkEyXkFqcGdeQXVyNTAyODkwOQ@@._V1_UX140_CR0,0,140,209_AL_.jpg",9.1,Samus Aran returns to the brooding planet Zebes to recover the last metroid from the Space Pirates.,"2,334",1994,Action,Adventure,Mystery
Metal Gear: Ghost Babel,89.,"https://m.media-amazon.com/images/M/MV5BNzcyY2Q5NjYtNGQ1NS00NGM5LThiNGYtNjQ3MDBhOTc0ZGI4XkEyXkFqcGdeQXVyMTk2OTAzNTI@._V1_UX140_CR0,0,140,209_AL_.jpg",9.1,"In this non-canonical sequel to Metal Gear Solid, Solid Snake is called upon from his home in Alaska to infiltrate an enemy base searching for Metal Gear.","1,192",2000,Action,Adventure,Sci-Fi
Batman: Arkham Knight,90.,"https://m.media-amazon.com/images/M/MV5BZWRjMWM0MGUtYzI2NC00MTQ4LWIyYWYtYmIwNzkwYzRjYjI1XkEyXkFqcGdeQXVyNTgyNTA4MjM@._V1_UX140_CR0,0,140,209_AL_.jpg",9,"With his back against the wall, Batman turns to his closest allies to help him save Gotham City from the clutches of Scarecrow and the Arkham Knight's army. A familiar face also returns to give The Dark Knight a message he cannot ignore.","23,571",2015,Action,Crime,Mystery
Star Wars Jedi: Survivor,91.,"https://m.media-amazon.com/images/M/MV5BMjY4ZTAwMGEtMzc1Yi00N2I0LTk4NmYtMTg5MzQzMjk1YzcxXkEyXkFqcGdeQXVyNDYzNDg2MTM@._V1_UY209_CR13,0,140,209_AL_.jpg",9,"The story of Cal Kestis continues in STAR WARS Jedi: Survivor, a galaxy-spanning, third-person, action-adventure game.","4,438",2023,Action,Adventure,Drama
God of War,92.,"https://m.media-amazon.com/images/M/MV5BMzc4OTBhODQtNDE5YS00NjE2LWJmZGMtMmYwMTI1NDE4ZWY0XkEyXkFqcGdeQXVyMTA0MTM5NjI2._V1_UX140_CR0,0,140,209_AL_.jpg",9,"After 10 years of endless nightmares and servitude to the gods of Olympus, Kratos is assigned with a final task, to kill Ares, the God of War.","11,954",2005,Action,Adventure,Fantasy
Horizon: Forbidden West,93.,"https://m.media-amazon.com/images/M/MV5BZDQ2NjJjYjAtNDhmMy00OTk0LTliYjctNDIwYTdlYzZjZTYxXkEyXkFqcGdeQXVyMzY0MTE3NzU@._V1_UY209_CR4,0,140,209_AL_.jpg",9,Aloy treks into an arcane region and faces new hostile enemies and threats in search of a way to heal the world from a deadly blight and catastrophic storms.,"6,287",2022,Action,Adventure,Sci-Fi
Resident Evil 2,94.,"https://m.media-amazon.com/images/M/MV5BOTYwYzg3MDgtYWY0Yi00MzZmLWI4MzUtOTBmY2U3NmM4NWQ0XkEyXkFqcGdeQXVyMTA0MTM5NjI2._V1_UX140_CR0,0,140,209_AL_.jpg",9,"Re-imagining of Biohazard 2 (1998), with a third-person over-the-shoulder view, new details, rearranged and new areas, no more loading screen doors, new puzzle solving opportunities, a gunpowder crafting mechanic and more.","10,118",2019,Action,Crime,Horror
Assassin's Creed II,95.,"https://m.media-amazon.com/images/M/MV5BYzdiZWU5NjItYjdmMy00YTQ2LWEwY2MtNjgzY2JmNzdjZWVhXkEyXkFqcGdeQXVyNTgyNTA4MjM@._V1_UX140_CR0,0,140,209_AL_.jpg",9,"Desmond Miles is trained to become a modern-day Assassin through the resurrected memories of ancestor Ezio Auditore da Firenze, who uncovers a massive Templar conspiracy in Renaissance Italy leading to the new Pope.","25,606",2009,Action,Adventure,History
Horizon Zero Dawn,96.,"https://m.media-amazon.com/images/M/MV5BODZjMmYyNDktYWRjZi00MmM1LWE0ODEtZjdhOWQ2OWRhNzkwXkEyXkFqcGdeQXVyMjMyNTU1MjE@._V1_UY209_CR20,0,140,209_AL_.jpg",8.9,"In a primitive tribal world where strange, monstrous, animalistic machines roam the wilderness, a brave young female warrior goes on a quest to learn the truth about her mysterious origin and the state the world is in.","18,321",2017,Action,Adventure,Sci-Fi
Silent Hill,97.,"https://m.media-amazon.com/images/M/MV5BMmRiODc1MzgtMmE2NS00NTlmLThhMmMtMDQ4OTc1MTBlYzQ5XkEyXkFqcGdeQXVyMTA0MTM5NjI2._V1_UX140_CR0,0,140,209_AL_.jpg",9,"Harry awakes from a car crash to notice his daughter, Cheryl, vanished. As he searches for her, through the eerie town of Silent Hill, a terrifying descent into the unknown is set.","6,221",1999,Drama,Horror,Mystery
Call of Duty 4: Modern Warfare,98.,"https://m.media-amazon.com/images/M/MV5BNjVmNWQ3NDktZjc2ZS00ODUyLTk1ODYtNGFlMDkyYzk1MzlmXkEyXkFqcGdeQXVyNTgyNTA4MjM@._V1_UX140_CR0,0,140,209_AL_.jpg",9,"The Call of Duty series returns this time into a modern day setting. The player takes control of a character nicknamed ""Soap,"" for the majority of the campaign and will need to progress through many modern warfare scenarios.","24,384",2007,Action,Thriller,-
Metal Gear Solid 2: Sons of Liberty,99.,"https://m.media-amazon.com/images/M/MV5BZTdkMGVkYmYtYTU5YS00NTg3LTkxOTYtZDQzOWI5NTJjNWRmXkEyXkFqcGdeQXVyMTA3NjAwMDc4._V1_UY209_CR8,0,140,209_AL_.jpg",9,"Two years after the death of Solid Snake, a rookie FOX-HOUND agent, on his first mission, infiltrates an offshore decontamination facility to rescue the President.","9,162",2001,Action,Adventure,Drama
Zeruda no densetsu: Mujura no kamen,100.,"https://m.media-amazon.com/images/M/MV5BZWU0NTU0MDItNmNmOS00OGY5LTlkYjYtNGZiZDgyYTFlODk4XkEyXkFqcGdeQXVyMTA0MTM5NjI2._V1_UX140_CR0,0,140,209_AL_.jpg",9,"After becoming the hero of Hyrule, Link stumbles into the enchanted land of Termina, where a falling moon will crush the world in three days.","4,044",2000,Action,Adventure,Family
Biohazard,101.,"https://m.media-amazon.com/images/M/MV5BYzM2MTViOTktN2E5OC00NDJjLTgxYTktYmY5Nzk2MzUxMWNiXkEyXkFqcGdeQXVyMTA0MTM5NjI2._V1_UX140_CR0,0,140,209_AL_.jpg",9,"Remake of the first game in which the RPD squad, Jill and Chris, are forced to flee into a mysterious mansion. Featuring new gameplay mechanics, revised puzzles, additional explorable areas, a revised script, and new story details.","4,833",2002,Action,Horror,Mystery
Zeruda no densetsu Towairaito purinsesu,102.,"https://m.media-amazon.com/images/M/MV5BYjU3YTUyZDgtYjYzMS00MWJhLWExYjktNmYzYzIyMWRmNmVkXkEyXkFqcGdeQXVyNzQzODU1NTM@._V1_UX140_CR0,0,140,209_AL_.jpg",9,"Link, a young man from a small farming village, finds Hyrule is being consumed by an otherworldly twilight. Guided by a strange pixie named Midna, he endeavors to return light to the land and confront the usurper king Zant.","5,444",2006,Action,Adventure,Fantasy
Uncharted 3: L'inganno di Drake,103.,"https://m.media-amazon.com/images/M/MV5BZDkyZjI1ZWQtZjY5Ny00MGI0LThjZWYtMzQ3NGYyMmE4MDkzXkEyXkFqcGdeQXVyMTA0MTM5NjI2._V1_UX140_CR0,0,140,209_AL_.jpg",9,"Treasure hunter Nathan Drake embarks on a quest in search of the Atlantis of the Sands while battling an ancient, sinister organization.","24,532",2011,Action,Adventure,Fantasy
Diablo II,104.,"https://m.media-amazon.com/images/M/MV5BZmIwNDM3NWQtODBhZi00YzJiLWI1NzEtMmU0ZDBkZWQyNWI1XkEyXkFqcGdeQXVyMTA0MTM5NjI2._V1_UX140_CR0,0,140,209_AL_.jpg",9,"Evil has survived. Diablo, the Lord of Terror, now seeks to free his demonic brothers. The armies of the High Heavens are forbidden to interfere with Diablo's plan.","4,676",2000,Action,Adventure,Fantasy
Ori and the Will of the Wisps,105.,"https://m.media-amazon.com/images/M/MV5BNzIwODMwOTUtZWIwOC00OWMyLTgxZmItODZiZTc2NWFkZTQ0XkEyXkFqcGdeQXVyNzU3Nzk4MDQ@._V1_UX140_CR0,0,140,209_AL_.jpg",9,"Ori begins a new journey that goes beyond the forest of Nibel where he uncovers lost secrets, and unearths his true destiny.","1,555",2020,Adventure,Fantasy,-
Super Mario Galaxy 2,106.,"https://m.media-amazon.com/images/M/MV5BMWY5ZTk5NWQtMTVkZS00ZDAxLWE4NzYtMGUyYzBlNTQzNzQ3XkEyXkFqcGdeQXVyMTA0MTM5NjI2._V1_UX140_CR0,0,140,209_AL_.jpg",9,Mario goes back in the galaxy to save Princess Peach from Bowser.,"2,958",2010,Action,Adventure,Family
Indiana Jones and the Fate of Atlantis,107.,"https://m.media-amazon.com/images/M/MV5BNGViOWYzNzctNmEyNy00ODRlLTg5MDMtNzIzMDdjOWJkM2IwXkEyXkFqcGdeQXVyMTA0MTM5NjI2._V1_UX140_CR0,0,140,209_AL_.jpg",9,"Indiana Jones must fight the nazis again in search for Atlantis and a newly discovered mineral of unbelievable power, the Orichalcum.","1,712",1992,Action,Adventure,Fantasy
Baldur's Gate II: Throne of Bhaal,108.,"https://m.media-amazon.com/images/M/MV5BNmM1NzU5OWMtNzU3ZS00YTk1LWJmNzgtZjdmZDkzMTcwMWJlXkEyXkFqcGdeQXVyMTA0MTM5NjI2._V1_UX140_CR0,0,140,209_AL_.jpg",9,"The main character, Gorion's ward, and his or her party must overcome five children of the dead god Bhaal, who've raised armies to conquer the world through carnage and claim their father's sinister throne and title.","1,307",2001,Action,Adventure,Fantasy
Day of the Tentacle,109.,"https://m.media-amazon.com/images/M/MV5BYTllYjhiN2UtMDIyOS00MjgwLWE5MWQtODkzMTU1YjkyOGRhXkEyXkFqcGdeQXVyMTg2NzgzMDE@._V1_UY209_CR8,0,140,209_AL_.jpg",9,"A disembodied tentacle is accidentally exposed to nuclear waste, giving it human abilities and an ambition to take over the world.","1,983",1993,Adventure,Comedy,Sci-Fi
Shenmue,110.,"https://m.media-amazon.com/images/M/MV5BMWMzMjBiZTMtOTJmZS00MTRhLTlhYjUtNWM5M2ZiZjZiNTFiXkEyXkFqcGdeQXVyMTA0MTM5NjI2._V1_UX140_CR0,0,140,209_AL_.jpg",9,"Ryo, a respected Japanese student sees his father killed in front of his own eyes. He sets out to find the man in charge of his fathers death and the mystery of who and why?","1,303",1999,Action,Adventure,Crime
The Longest Journey,111.,"https://m.media-amazon.com/images/M/MV5BYWYzZDMwY2UtODFlNi00ZWRlLTg4MDUtYWFiYzZiNzM3OTFiXkEyXkFqcGdeQXVyMTA0MTM5NjI2._V1_UX140_CR0,0,140,209_AL_.jpg",9,"April Ryan is a young visual-arts student in Venice, Newport. She's been having some strange dreams lately, but little does she know about the important role she'll have in changing the future.","1,191",1999,Adventure,Drama,Fantasy
Zeruda no densetsu: Kaze no takuto,112.,"https://m.media-amazon.com/images/M/MV5BNjMzODBlMjctMjk0Yi00YWU0LThkMWItNzdjNDU0N2M2YWUzXkEyXkFqcGdeQXVyMTA0MTM5NjI2._V1_UX140_CR0,0,140,209_AL_.jpg",9,"After his sister gets kidnapped from their peaceful island, a young boy aims to emulate the Hero of Time by saving her.","3,707",2002,Action,Adventure,Fantasy
Heroes of Might and Magic III: The Restoration of Erathia,113.,"https://m.media-amazon.com/images/M/MV5BN2JhM2MwNzctMWRlNy00ZTY0LWE5YmEtYTU4MDYxOTI5ZDQwXkEyXkFqcGdeQXVyMTA0MTM5NjI2._V1_UX140_CR0,0,140,209_AL_.jpg",9,"Turn-based strategy game in which the player goes through 7 different campaigns, controlling a number of heroes that command an army of creatures inspired by myth and legend.","1,339",1999,Action,Adventure,Fantasy
StarCraft: Brood War,114.,"https://m.media-amazon.com/images/M/MV5BNjZhZTRhYzItNTIwYS00N2Q4LTg5MjMtZmU2ZDMyYWM0ZWQyXkEyXkFqcGdeQXVyMTA0MTM5NjI2._V1_UX140_CR0,0,140,209_AL_.jpg",9,After the events of StarCraft (1998) the Protoss try to unite their divided race while still fighting the weakened Zerg which is also attacked by human expedition from Earth.,"2,380",1998,Action,Adventure,Sci-Fi
Fallout: New Vegas,115.,"https://m.media-amazon.com/images/M/MV5BYWNlZWUwYTItY2E5MS00YzQ3LWJkODgtYWNkMmZhYTY2YjExXkEyXkFqcGdeQXVyMTA0MTM5NjI2._V1_UX140_CR0,0,140,209_AL_.jpg",8.9,"After surviving a bullet to the head, Courier Six traverses the post-apocalyptic Mojave desert in search of the men who wronged him, while making an impact on thousands in the process.","13,683",2010,Action,Adventure,Sci-Fi
Dead Space,116.,"https://m.media-amazon.com/images/M/MV5BMjdhOWEwM2UtZDhhOC00YjA2LThkOTMtZjcwZDVhMGIwMzFmXkEyXkFqcGdeQXVyMTk2OTAzNTI@._V1_UX140_CR0,0,140,209_AL_.jpg",8.9,"Set in the 26th century, the story follows engineer Isaac Clarke on a mission to repair the USG Ishimura, a mining spaceship that has been overrun by undead creatures called Necromorphs.","2,039",2023,Action,Horror,Mystery
Grand Theft Auto IV,117.,"https://m.media-amazon.com/images/M/MV5BYThjZGVhMzktZjRlNS00NTcwLTk4ZjktMWUzMmU3MTM4YThmXkEyXkFqcGdeQXVyNTgyNTA4MjM@._V1_UX140_CR0,0,140,209_AL_.jpg",8.9,"Niko Bellic comes to Liberty City, America to live the good life, but ends up having to assist his dangerously indebted cousin Roman with his financial troubles, by any (mostly illegal) means necessary.","37,699",2008,Action,Crime,Drama
Life Is Strange,118.,"https://m.media-amazon.com/images/M/MV5BYThjOWE0NTItMGQxMC00Y2QwLWEyOTctODQ4NzAwMDRmZTAwXkEyXkFqcGdeQXVyMTA0MTM5NjI2._V1_UX140_CR0,0,140,209_AL_.jpg",8.9,"An awkward photography student named Max discovers her ability to rewind time, and reunites with her estranged best friend Chloe to investigate the mysterious disappearance of a local girl.","13,591",2015,Adventure,Drama,Mystery
Sekiro: Shadows Die Twice,119.,"https://m.media-amazon.com/images/M/MV5BNWFhOTZjNmItOTlmOS00ODkyLTlkNDUtYzAyNDQyYTNlODcxXkEyXkFqcGdeQXVyNjAwNDUxODI@._V1_UY209_CR8,0,140,209_AL_.jpg",8.9,"Set in a reimagining of 1500s Sengoku era Japan. An unnamed shinobi, tasked with protecting a young lord of mystical lineage, who is left for dead when a powerful samurai attacks and chops off his arm.","4,531",2019,Action,Adventure,Fantasy
Resident Evil,120.,"https://m.media-amazon.com/images/M/MV5BNjY2N2Q3ODYtZTE0MC00YjIyLThjMmEtYjNkNjZmZGEzZWZjXkEyXkFqcGdeQXVyMTA0MTM5NjI2._V1_UX140_CR0,0,140,209_AL_.jpg",8.9,"The RPD are investigating strange cannibalized corpses on the outskirts of the city. The Alpha squad, Jill and Chris, are sent to locate missing team members. While there, mutated dogs cause them to flee into a supposedly abandoned mansion.","5,878",1996,Action,Horror,Mystery
Ryû ga gotoku Zero: Chikai no basho,121.,"https://m.media-amazon.com/images/M/MV5BYzhjNjdhMTMtNTQ5Zi00ZGZlLWE4NWEtMmRkNGZiMjEyYjY0XkEyXkFqcGdeQXVyMTA0MTM5NjI2._V1_UX140_CR0,0,140,209_AL_.jpg",8.9,"Kiryu and Majima, both Yakuza's who are in different cities in Japan in 1988, as the fate of the two characters become intertwined in a gritty, violent, and often touching narrative.","2,034",2015,Action,Crime,Drama
The Elder Scrolls IV: Oblivion,122.,"https://m.media-amazon.com/images/M/MV5BZjExYWJlMjYtZjQzZS00ZGVhLTgwYTEtOGUyZThlMzI3YmFjXkEyXkFqcGdeQXVyMTA0MTM5NjI2._V1_UX140_CR0,0,140,209_AL_.jpg",8.9,"After being freed by the Emperor of Tamriel, the hero must prevent the gates of Oblivion from spreading throughout the Empire.","12,988",2006,Action,Adventure,Fantasy
Hades,123.,"https://m.media-amazon.com/images/M/MV5BMzNkMmE5MjktMzRhYS00MzZhLWEzYzMtMWFkYmE4MDk0NDZkXkEyXkFqcGdeQXVyMTk2OTAzNTI@._V1_UX140_CR0,0,140,209_AL_.jpg",8.9,"Hades is a rogue-like dungeon crawler from the creators of Bastion and Transistor, in which you defy the god of death as you hack and slash your way out of the Underworld of Greek myth.","2,477",2018,Action,Adventure,Fantasy
The Wolf Among Us,124.,"https://m.media-amazon.com/images/M/MV5BNmQ0ZmI4ZDgtYWM4MS00MmJiLTgwOWMtMzM4Zjk0NjMzOTI1XkEyXkFqcGdeQXVyMTk2OTAzNTI@._V1_UX140_CR0,0,140,209_AL_.jpg",8.9,"As Bigby Wolf, the big bad wolf in human form, you will discover that the brutal, bloody murder of a Fable is just a taste of things to come when another dead Fable is found which starts the hunt for a serial killer.","8,129",2013,Action,Crime,Drama
Baldur's Gate,125.,"https://m.media-amazon.com/images/M/MV5BOTEyNmU5ZTAtYjQyMi00YzQyLWIxMjQtZWMyNmUxZjExNzFjXkEyXkFqcGdeQXVyMTA0MTM5NjI2._V1_UX140_CR0,0,140,209_AL_.jpg",8.9,"The main character, ward of mystical monk Gorion, whose name, sex, race and class are defined by the players, leaves his order's keep for the first time and starts a journey to discover his true identity. But someone wants him dead.","1,991",1998,Action,Adventure,Fantasy
Super Smash Bros. Ultimate,126.,"https://m.media-amazon.com/images/M/MV5BNDQ2YjE5OTctODY1NC00ZDgxLTk0YmUtYWExZGE1Njg0ZDRlXkEyXkFqcGdeQXVyNjMxNzQ2NTQ@._V1_UY209_CR34,0,140,209_AL_.jpg",8.9,"Super Smash Bros. Ultimate for the Nintendo Switch brings back every fighter in the history of the series, adds newcomers and over 100 stages, and introduces a new adventure mode called ""World of Light''.","4,235",2018,Action,Adventure,Fantasy
South Park: The Stick of Truth,127.,"https://m.media-amazon.com/images/M/MV5BNjMwNWM1ODUtMmY2MS00ZGE1LWIzNGMtYWZjNmRhOGRhYzgyXkEyXkFqcGdeQXVyMjYwNDA2MDE@._V1_UY209_CR13,0,140,209_AL_.jpg",8.9,"As the New Kid, discover the lost Stick of Truth, and earn your place at the side of Stan, Kyle, Cartman and Kenny as their new friend.","5,601",2014,Action,Adventure,Comedy
The Warriors,128.,"https://m.media-amazon.com/images/M/MV5BMWJhZmQwNjAtMTc0OC00YjFlLTg4YzctYmQ0MTA3NzQyODkxXkEyXkFqcGdeQXVyMTA0MTM5NjI2._V1_UX140_CR0,0,140,209_AL_.jpg",8.9,"The Warriors, a gang from Coney Island, go to a gang leader's meeting, when suddenly the gang leader is shot and killed. Framed for this murder, they must travel all the way back to Coney with 60,000 gang members standing in their way.","2,087",2005,Action,Crime,Thriller
Star Wars: Knights of the Old Republic II - The Sith Lords,129.,"https://m.media-amazon.com/images/M/MV5BMzg1Mjg3ZDktYjA0OS00YzU4LWI3NzctMTBmOWYwZjhiZTFmXkEyXkFqcGdeQXVyMTA0MTM5NjI2._V1_UX140_CR0,0,140,209_AL_.jpg",8.9,You play an exiled and depowered Jedi Knight who has returned to the Republic and must restore both your powers and the devastated Jedi Order to challenge the Sith.,"5,492",2004,Action,Adventure,Drama
The Last of Us: Left Behind,130.,"https://m.media-amazon.com/images/M/MV5BYmNhOWQyZGQtNjA0ZS00MGNjLWI2OTktZWZlMTUxNGRlNWUxXkEyXkFqcGdeQXVyMTA0MTM5NjI2._V1_UX140_CR0,0,140,209_AL_.jpg",8.9,"Find out what set Ellie on her course to the life changing events in The Last of Us (2013), whilst filling in the gaps during winter with Joel.","12,205",2014,Action,Adventure,Drama
Metal Gear Solid: The Twin Snakes,131.,"https://m.media-amazon.com/images/M/MV5BNmFkZmQyZmMtYzY0Yy00NjNhLTk4NDYtMzgzOGFmOWNiNTQ3XkEyXkFqcGdeQXVyMTA0MTM5NjI2._V1_UX140_CR0,0,140,209_AL_.jpg",8.9,A retired mercenary is called upon by the U.S. government to handle a hostile takeover of an Alaskan military base by his former special forces group. A remake of Metal Gear Solid (1998).,"1,706",2004,Action,Adventure,Drama
Warcraft III: Reign of Chaos,132.,"https://m.media-amazon.com/images/M/MV5BYzJkNWQ2NTItMGZjNy00MzAxLTgyNDEtYjU5Mjg4MzA3Y2Q2XkEyXkFqcGdeQXVyMTA0MTM5NjI2._V1_UX140_CR0,0,140,209_AL_.jpg",8.9,"Years after the fall of the Orcish Horde to the human Alliance of Lordaeron, the remaining humans and orcs find themselves facing a common enemy: the demons of the Burning Legion and their armies of undead monsters.","3,769",2002,Action,Adventure,Fantasy
Super Mario Bros.,133.,"https://m.media-amazon.com/images/M/MV5BMjNmYTIyZWEtNWI5ZS00NTgyLWEwZjMtNmI0Njk3NTIwNGJhXkEyXkFqcGdeQXVyMTA0MTM5NjI2._V1_UX140_CR0,0,140,209_AL_.jpg",8.9,A plumber named Mario and his brother Luigi travel through the Mushroom Kingdom to save the princess from the evil Bowser.,"7,069",1985,Action,Adventure,Fantasy
Warcraft III: The Frozen Throne,134.,"https://m.media-amazon.com/images/M/MV5BZWZhMjIwODAtYjk1Ny00NWQzLTljZjQtYWNkYWI3NDI5NWRmXkEyXkFqcGdeQXVyMTA0MTM5NjI2._V1_UX140_CR0,0,140,209_AL_.jpg",8.9,"Survivors in the reign of chaos try to resolve their differences in a new world, that was shaped after the fall of the Burning Legion.","3,612",2003,Action,Adventure,Fantasy
Mother 2: Gîgu no gyakushuu,135.,"https://m.media-amazon.com/images/M/MV5BNzU2NDg5MmUtYTk4NS00MmZjLTgzYmYtYTU4MDgzNDg5NGVkXkEyXkFqcGdeQXVyMTA0MTM5NjI2._V1_UX140_CR0,0,140,209_AL_.jpg",8.9,"Ness, a boy from Onett, Eagleland, teams up with new friends to defeat an Evil Destroyer named Giygas. During the epic pursuits, Ness and his allies attempt to find the sacred Eight Melodies.","1,200",1994,Adventure,Comedy,Fantasy
System Shock 2,136.,"https://m.media-amazon.com/images/M/MV5BZmY2MzNiZWYtMTVjMS00NTEyLWJkY2YtODExMDIzZjAyMWYzXkEyXkFqcGdeQXVyMTA0MTM5NjI2._V1_UX140_CR0,0,140,209_AL_.jpg",8.9,"An agent is deployed on a mission to explore a distant planet, but instead wakes up from his cryosleep five months later only to discover that the ship's artificial intelligence has been corrupted and the humans infected by an alien race.","1,219",1999,Action,Adventure,Horror
The Last of Us: Part II,137.,"https://m.media-amazon.com/images/M/MV5BODUwNWY5YjctNDZkNy00ZTY1LWEzMzItZGVkYTllOWVjOTc3XkEyXkFqcGdeQXVyNjU4NTIxNzI@._V1_UY209_CR5,0,140,209_AL_.jpg",8.8,"Five years after the events of The Last of Us, Ellie embarks on another journey through a post-apocalyptic America on a mission of vengeance against a mysterious militia.","41,433",2020,Action,Adventure,Drama
Broken Sword: The Shadow of the Templars,138.,"https://m.media-amazon.com/images/M/MV5BZTMzNTI3YjEtYjM4MC00MWQ1LWExNjAtYTNmNDkzZGFkODA2XkEyXkFqcGdeQXVyMTA0MTM5NjI2._V1_UX140_CR0,0,140,209_AL_.jpg",8.9,"George Stobbart, an American tourist in Paris, attempts to unravel a conspiracy when he witnesses a bomb attack on a small Parisian cafe.","1,176",1996,Adventure,Comedy,Drama
Final Fantasy XVI,139.,"https://m.media-amazon.com/images/M/MV5BOTE4NmVjMWItMWQzMy00MDQ5LTk3ZWMtNTRhNDllNjdiMDA1XkEyXkFqcGdeQXVyMTEzMTI1Mjk3._V1_UX140_CR0,0,140,209_AL_.jpg",8.8,"As a malady known as the Blight ravages the land of Valisthea and its realms plunge into war, Clive Rosfield, the firstborn son of the Archduke of Rosaria, sets out on a dark, dangerous journey to revenge following a tragedy.","1,569",2023,Action,Adventure,Drama
Far Cry 3,140.,"https://m.media-amazon.com/images/M/MV5BMzQxNjk5OTEtODU4ZC00OGE3LWIzM2YtYWIyNzhjNGFkZjA3XkEyXkFqcGdeQXVyNzg3NjQyOQ@@._V1_UX140_CR0,0,140,209_AL_.jpg",8.8,"While skydiving, Jason Brody and his friends land on an island overrun by pirates, where Jason is torn between fighting for the Rakyat resistance and rescuing his friends.","21,377",2012,Action,Adventure,Crime
Call of Duty: Modern Warfare 2,141.,"https://m.media-amazon.com/images/M/MV5BNTgwYjBhYzctMzFlOC00ZTY5LTgyNTUtMjQ2YWRkZDIyODU5XkEyXkFqcGdeQXVyMTA0MTM5NjI2._V1_UX140_CR0,0,140,209_AL_.jpg",8.8,"A massacre at a Russian airport leads to a war between Russia and the United States. Meanwhile, a Task Force is sent to find the perpetrators and bring the bloodshed to an end.","25,871",2009,Action,Thriller,-
Divinity: Original Sin II,142.,"https://m.media-amazon.com/images/M/MV5BMWRkY2RlNjMtOTQzNS00MzhmLTkwMWYtY2Q4MzYwZjk4OThkXkEyXkFqcGdeQXVyMTA0MTM5NjI2._V1_UX140_CR0,0,140,209_AL_.jpg",8.8,"Set in a fantasy world where a form of energy known as Source, and individuals called Sourcerers can manipulate this energy, are hunting down an organization to protect their world from the evil Voidwokens who are drawn by that energy.","1,086",2017,Action,Adventure,Fantasy
Metal Gear Solid V: The Phantom Pain,143.,"https://m.media-amazon.com/images/M/MV5BOThkZTQ0YjgtODdiMy00ZGM3LTk5ZWUtMmNjMTJmYWVkMTllXkEyXkFqcGdeQXVyMTA0MTM5NjI2._V1_UX140_CR0,0,140,209_AL_.jpg",8.8,"After awakening from a nine year coma, Big Boss forms a new mercenary group called, Diamond Dogs, and teams up with his former rival, Ocelot, to track down the men responsible for the destruction of MSF.","8,442",2015,Action,Adventure,Drama
NieR: Automata,144.,"https://m.media-amazon.com/images/M/MV5BZDI2ZDAwNDUtN2JhOC00NDg5LWIwZjItOGY0N2Y0YzVmN2M0XkEyXkFqcGdeQXVyMTA0MTM5NjI2._V1_UX140_CR0,0,140,209_AL_.jpg",8.8,"In the forsaken wasteland below, the war between the machines and the androids rages on. A war that is soon to unveil the long-forgotten truth of this world.","3,661",2017,Action,Adventure,Drama
Heavy Rain,145.,"https://m.media-amazon.com/images/M/MV5BMTA3YzVhMWEtNzYwOS00OTljLTlmMTYtMjFhN2Y1ZWQwYWY2XkEyXkFqcGdeQXVyNDA5NTgxNjU@._V1_UY209_CR9,0,140,209_AL_.jpg",8.8,"As a child goes missing, his father tirelessly works to rescue him, while a journalist, an FBI agent, and a private detective try to identify his kidnapper known only as the ""Origami Killer"".","14,719",2010,Crime,Drama,Mystery
Undertale,146.,"https://m.media-amazon.com/images/M/MV5BNzkwZDliNGEtMDNkNi00ODcxLWI1N2UtNDE1NmZlM2QyMTY4XkEyXkFqcGdeQXVyMTA0MTM5NjI2._V1_UX140_CR0,0,140,209_AL_.jpg",8.8,"Enter the Underground, a massive subterranean cave where monsters who once lived harmoniously with humans on the surface have been banished after losing a war with humanity.","4,585",2015,Adventure,Comedy,Drama
Halo 3,147.,"https://m.media-amazon.com/images/M/MV5BMzliYzFjMTMtYWQ2Zi00ZGQ1LWJjYTUtNzI3ZGY1NzUxZTMyXkEyXkFqcGdeQXVyNTgyNTA4MjM@._V1_UX140_CR0,0,140,209_AL_.jpg",8.8,Master Chief and the Arbiter must join together to attack the Covenant and destroy the Flood.,"12,772",2007,Action,Adventure,Sci-Fi
Hollow Knight,148.,"https://m.media-amazon.com/images/M/MV5BYjRjN2RlOGMtZmUyZC00MzQ2LWI2MGUtNWM2ZTIzZmE3OGY4XkEyXkFqcGdeQXVyMTA0MTM5NjI2._V1_UX140_CR0,0,140,209_AL_.jpg",8.8,"In a world of insects, a diminutive knight descends into an ancient and crazed kingdom to restore its fallen king's order.","3,207",2017,Action,Adventure,Fantasy
Dead Space,149.,"https://m.media-amazon.com/images/M/MV5BOWVmNjA2YzYtZDMxNS00M2EwLWIyYzItMWZmMmYyNzU3MjYxXkEyXkFqcGdeQXVyNTgyNTA4MjM@._V1_UX140_CR0,0,140,209_AL_.jpg",8.8,"Engineer Isaac Clarke and his crew get stranded on a large, abandoned mining ship. There, Clarke needs to repair the giant ship while battling nasty aliens and solving the mystery of what happened to the ship.","10,488",2008,Action,Horror,Mystery
Halo: Combat Evolved,150.,"https://m.media-amazon.com/images/M/MV5BYzJkY2E2M2YtYjBkNy00OWRhLWI5NzQtY2U5MWFmZWJiMDZhXkEyXkFqcGdeQXVyMTA0MTM5NjI2._V1_UX140_CR0,0,140,209_AL_.jpg",8.8,"Super-soldier John-117, Master Chief of the United Nations Space Command, must battle a genocidal alien race known as the Covenant following his violent crash-landing on Halo, an ancient and mysterious ring-world.","12,061",2001,Action,Adventure,Sci-Fi
Tales from the Borderlands: A Telltale Games Series,151.,"https://m.media-amazon.com/images/M/MV5BZjI2ZDBiMDYtZTNhMS00NzNlLWI1MmQtMjUwOTJhYzI2OWM4XkEyXkFqcGdeQXVyMTA0MTM5NjI2._V1_UX140_CR0,0,140,209_AL_.jpg",8.8,"Corporate stooge Rhys, and Con woman Fiona team up to discover the secret of an alien vault on the dangerous planet Pandora.","4,338",2014,Adventure,Comedy,Sci-Fi
The Walking Dead: The Final Season,152.,"https://m.media-amazon.com/images/M/MV5BN2Q4NWVjMjEtYWQ5Mi00MzM0LWE1NTctYWY1MmE3MDU2ZTQyXkEyXkFqcGdeQXVyMjMwNjYyMzE@._V1_UX140_CR0,0,140,209_AL_.jpg",8.8,"Clementine and her adoptive brother, AJ, come across a boarding school inhabited by other children with little memory of life before the apocalypse.","3,406",2018,Drama,Horror,Sci-Fi
Conker's Bad Fur Day,153.,"https://m.media-amazon.com/images/M/MV5BZDQ0Njg5YjgtMzI1NC00MjJmLTlkMTUtODI4Nzk5MmVmNzZkXkEyXkFqcGdeQXVyMTA0MTM5NjI2._V1_UX140_CR0,0,140,209_AL_.jpg",8.8,"The vulgar adventures and exploits of a squirrel with a hangover, just trying to get back home while being forced to save the world.","1,496",2001,Action,Adventure,Comedy
The Witcher 2: Assassins of Kings,154.,"https://m.media-amazon.com/images/M/MV5BNTk4MWRmMzEtMWU5Zi00Mzc3LThmMTctZGY3NGE5MjliOTczXkEyXkFqcGdeQXVyODY5Njk4Njc@._V1_UY209_CR0,0,140,209_AL_.jpg",8.8,"After being framed for a murder, a monster slayer must find the assassin and clear his name.","6,566",2011,Action,Adventure,Drama
Hitman: Blood Money,155.,"https://m.media-amazon.com/images/M/MV5BNTQ2Zjk3MWEtZTNlYy00OGExLWI0M2ItYTg4MGY5ZWQxM2RhXkEyXkFqcGdeQXVyMTA0MTM5NjI2._V1_UX140_CR0,0,140,209_AL_.jpg",8.8,"A larger, more powerful agency is systematically eliminating assassins in a series of hits, who are all from Agent 47's contract killing firm, The International Contract Agency (ICA).","5,845",2006,Action,Crime,Mystery
Inside,156.,"https://m.media-amazon.com/images/M/MV5BOTBmMTBkZWYtODNmYi00YmE1LTgwMWUtNjdhODAyNjYwYzdlXkEyXkFqcGdeQXVyMTA0MTM5NjI2._V1_UX140_CR0,0,140,209_AL_.jpg",8.8,"Hunted and alone, a boy finds himself drawn into the center of a dark project.","4,632",2016,Adventure,Horror,Mystery
Star Wars: Battlefront II,157.,"https://m.media-amazon.com/images/M/MV5BZWYwMzU5YWYtYmM2Yi00MWVlLTliNGYtMGQ5Nzg4NDJmZjk0XkEyXkFqcGdeQXVyMTA0MTM5NjI2._V1_UX140_CR0,0,140,209_AL_.jpg",8.8,Play as the foot soldier of the galaxy's greatest factions and wage war across countless planets.,"7,267",2005,Action,Adventure,Sci-Fi
Blade Runner,158.,"https://m.media-amazon.com/images/M/MV5BMzU4ZjI2YjItNzg5ZC00ZjQ2LTk3NDAtNDM5YzkwNjJkNDViXkEyXkFqcGdeQXVyMTA0MTM5NjI2._V1_UX140_CR0,0,140,209_AL_.jpg",8.8,"You play a blade runner investigating a series of violent replicant crimes, only to discover far more than you bargained for.","1,993",1997,Mystery,Sci-Fi,Thriller
Dead Space 2,159.,"https://m.media-amazon.com/images/M/MV5BODk4NGEzM2UtMWQwZS00MjQ3LTllZDktMTE0NjIyOWZkODA2XkEyXkFqcGdeQXVyNTgyNTA4MjM@._V1_UX140_CR0,0,140,209_AL_.jpg",8.8,"Set three years after the events of the first, Isaac Clarke's fight against a new Necromorph outbreak on the Sprawl, a space station above Saturn's largest moon, Titan.","7,239",2011,Action,Horror,Sci-Fi
The Elder Scrolls III: Morrowind,160.,"https://m.media-amazon.com/images/M/MV5BYjY1NDc4NzYtNzMxNy00NjUwLWJiZjMtYmMyNTI0MzhjMmI3XkEyXkFqcGdeQXVyMTA0MTM5NjI2._V1_UX140_CR0,0,140,209_AL_.jpg",8.8,"The protagonist travels by Morrowind, eastern province of the Septim Empire in Tamriel. He/she can save it from enslavement or explore for personal purposes.","3,704",2002,Action,Adventure,Fantasy
StarCraft II: Wings of Liberty,161.,"https://m.media-amazon.com/images/M/MV5BMDVmMDg3ZjctZWVlNi00OTI4LTk4MGQtNzQwZTgwZWEwY2RmXkEyXkFqcGdeQXVyMTA0MTM5NjI2._V1_UX140_CR0,0,140,209_AL_.jpg",8.8,"Four years after the events of StarCraft: Brood War (1998), Jim Raynor fights against the Dominion and begins a search for artifacts when at the same time the Zerg attack once again.","3,522",2010,Action,Adventure,Sci-Fi
Kingudamu hâtsu: Bâsu bai surîpu,162.,"https://m.media-amazon.com/images/M/MV5BZDQ1YzVjZmYtMDJlMi00NjY5LTgwMzEtY2NlMDNkNWZiYTYzXkEyXkFqcGdeQXVyMTA0MTM5NjI2._V1_UX140_CR0,0,140,209_AL_.jpg",8.7,"Ten years before Sora held the Keyblade, three young Keyblade wielders bound by friendship, face being torn apart by the sinister monsters terrorizing other worlds and the manipulative mastermind behind them.","1,779",2010,Action,Adventure,Family
Sly 2: La Banda dei Ladri,163.,"https://m.media-amazon.com/images/M/MV5BZDFiZDU1ODAtNWJkNi00MDVlLWE3OTUtYjBkOTNmM2U2ODIyXkEyXkFqcGdeQXVyMTA0MTM5NjI2._V1_UX140_CR0,0,140,209_AL_.jpg",8.8,"Two years after defeating Clockwerk, Sly Cooper and his band of thieves must recover and destroy all of the stolen Clockwerk parts from a sinister organization before their old nemesis can return from the dead.","1,295",2004,Action,Adventure,Comedy
Fainaru fantajî VIII,164.,"https://m.media-amazon.com/images/M/MV5BZjg2NzhhNWUtNTljNy00ZDM1LWI1NmQtZDI5YTY5NzkzNGFlXkEyXkFqcGdeQXVyMTA0MTM5NjI2._V1_UX140_CR0,0,140,209_AL_.jpg",8.8,"A group of students at a military academy rescue a mysterious girl, who some say is the sorceress who wants to govern the universe.","6,441",1999,Action,Adventure,Drama
Fainaru fantajî IX,165.,"https://m.media-amazon.com/images/M/MV5BYjY1MmNlYzItYzVjYi00MzQ4LTg4MzItODM5M2RhMjU4NmU2XkEyXkFqcGdeQXVyMTI1Mzg0ODA5._V1_UY209_CR15,0,140,209_AL_.jpg",8.8,"When bandits try to kidnap the princess, they discover that it's the princess who wants to be kidnapped. But they are chased by an evil queen and an even more powerful entity.","5,504",2000,Action,Adventure,Fantasy
Metroid Prime,166.,"https://m.media-amazon.com/images/M/MV5BOTI2Mjg1MGEtNTNkNy00ZDU0LWE5MTYtOTMzZDkwZjQwYzM5XkEyXkFqcGdeQXVyNTk1ODMyNjA@._V1_UY209_CR4,0,140,209_AL_.jpg",8.8,"A Space Pirate distress signal draws bounty hunter Samus Aran to Tallon IV, a world she discovers is being consumed by a terrible poison.","2,193",2002,Action,Adventure,Mystery
Medieval II: Total War,167.,"https://m.media-amazon.com/images/M/MV5BZDYwM2YxZTAtN2EwNS00NTNjLThhNDItNTdlODM5MzdjMmM1XkEyXkFqcGdeQXVyMTA0MTM5NjI2._V1_UX140_CR0,0,140,209_AL_.jpg",8.8,"A diplomatic, strategic war game set between the years 1080 and 1530, focusing on medieval warfare, religion and politics in Europe, North Africa and the Middle East.","1,276",2006,Action,History,War
Pokémon: Versione rossa,168.,"https://m.media-amazon.com/images/M/MV5BNDE2MmE1ZTQtNjQ1YS00YzQ2LTk5YTktMWViNzg4ZTA0ZmQwXkEyXkFqcGdeQXVyMTA0MTM5NjI2._V1_UX140_CR0,0,140,209_AL_.jpg",8.8,Play as a young Pokémon trainer trying to catch all 150 Pokémon.,"2,862",1996,Action,Adventure,Fantasy
Ratchet & Clank: Up Your Arsenal,169.,"https://m.media-amazon.com/images/M/MV5BZGRlZWI4MjMtMWQ1NS00NmE3LTgwZjYtZGQ4YzIzYTU4NjNlXkEyXkFqcGdeQXVyMTA0MTM5NjI2._V1_UX140_CR0,0,140,209_AL_.jpg",8.8,"Ratchet and Clank return to the Solana Galaxy to combat Dr. Nefarious, a villain from Qwark's shady past, who wishes to turn all organic life into robots.","1,556",2004,Action,Adventure,Comedy
Fire Emblem: Awakening,170.,"https://m.media-amazon.com/images/M/MV5BMzMxMzgyNGQtNTYyMS00ZGUwLTgzYzEtZjA3MTVkNzE4ZmFiXkEyXkFqcGdeQXVyMTA0MTM5NjI2._V1_UX140_CR0,0,140,209_AL_.jpg",8.8,"During a turbulent era, Chrom, the prince of Ylisse and descendant of the Hero-King Marth, leads The Shepherds in observing and combating the bizarre activities of the neighboring country Plegia.","1,007",2012,Action,Adventure,Family
Dragon Ball Z: Sparking! Meteor,171.,"https://m.media-amazon.com/images/M/MV5BY2NjODM4NTQtMDA3YS00N2E3LWI0NTUtODc0ZTBhZGI4YjcyXkEyXkFqcGdeQXVyMTA0MTM5NjI2._V1_UX140_CR0,0,140,209_AL_.jpg",8.8,"The third and final installment in the Budokai Tenkaichi series that includes the apocalyptic battles and the essence of the Dragon Ball series, following the main story.","1,053",2007,Action,Adventure,Comedy
Age of Empires II: HD Edition,172.,"https://m.media-amazon.com/images/M/MV5BZmQ4ZDRmOWUtY2Y4YS00NWZjLWEwNjctYjU0NmIwYjVlNDQxXkEyXkFqcGdeQXVyNTAyODkwOQ@@._V1_UY209_CR4,0,140,209_AL_.jpg",8.8,The Age of Kings is set in the Middle Ages and contains thirteen playable civilizations.,"3,635",1999,Action,Adventure,History
Pokémon Versione Argento,173.,"https://m.media-amazon.com/images/M/MV5BNGJjMmNhOTYtZjJiZi00OWJiLTk3NWUtYjllNWQyMzAyMzFkXkEyXkFqcGdeQXVyMTA0MTM5NjI2._V1_UX140_CR0,0,140,209_AL_.jpg",8.8,"Role playing game for the Game Boy Color, introducing the second generation of Pokémon, where you are on a quest to master Pokémon battling.","1,229",1999,Action,Adventure,Fantasy
Okami,174.,"https://m.media-amazon.com/images/M/MV5BODY0NGM5ODgtMTE0NS00OWIxLWFmMjgtMTRhOGUyNjMwMjczXkEyXkFqcGdeQXVyMTA3NjAwMDc4._V1_UY209_CR4,0,140,209_AL_.jpg",8.8,"A cel-shaded action game set in feudal Japan, in which the wolf deity Amaterasu defends the land from evil forces.","1,370",2006,Action,Adventure,Fantasy
Zeruda no densetsu: Kamigami no toraifôsu 2,175.,"https://m.media-amazon.com/images/M/MV5BZDI2M2IwMDItOTU4MS00YzdjLWJmYjItMzA3MjJjMDk2YjBiXkEyXkFqcGdeQXVyNjY5NTM5MjA@._V1_UY209_CR97,0,140,209_AL_.jpg",8.8,Link is yet again tasked with restoring peace to the kingdom of Hyrule after a malevolent sorcerer named Yuga captures Princess Zelda and escapes through a rift to the ruined world of Lorule.,"1,791",2013,Action,Adventure,Fantasy
Pokémon Versione Oro,176.,"https://m.media-amazon.com/images/M/MV5BNzQ3ZGFiYWEtYWU3Yy00NDFjLTgyNmQtN2MzNDhjNDJlNTZhXkEyXkFqcGdeQXVyMTA0MTM5NjI2._V1_UX140_CR0,0,140,209_AL_.jpg",8.8,"Role playing game for the Game Boy Advance, introducing the second generation of Pokémon, where you are on a quest to master Pokémon battling.","1,806",1999,Action,Adventure,Fantasy
Hogwarts Legacy,177.,"https://m.media-amazon.com/images/M/MV5BMmI5OTNlNzUtZjFjNC00MmVlLTljZmYtMWZlYjQzM2E3YmVlXkEyXkFqcGdeQXVyMTY3NTgwODk5._V1_UX140_CR0,0,140,209_AL_.jpg",8.6,"Set during the late 1800s, a newly enrolled student at Hogwarts discovers that they possess the unusual ability to perceive and master Ancient Magic, becoming the key to an old secret that threatens to tear the wizarding world apart.","6,172",2023,Action,Adventure,Fantasy
Death Stranding,178.,"https://m.media-amazon.com/images/M/MV5BMGNlMWM3NmMtYTBjNC00Yzc0LTg1YzgtMTk0ZDdiZDFiMDNkXkEyXkFqcGdeQXVyMTA0MTM5NjI2._V1_UX140_CR0,0,140,209_AL_.jpg",8.7,Deliveryman Sam Porter must travel across a ravaged wasteland and reconnect the city states of America formed after a mysterious apocalyptic event dubbed 'death stranding' left the world in ruins and plagued by supernatural tar creatures.,"10,933",2019,Action,Adventure,Drama
Resident Evil Village,179.,"https://m.media-amazon.com/images/M/MV5BZGI1ZWZiZjEtOTU2NS00YTY1LWE5NDMtZmI5ZTVjMmU5NjRlXkEyXkFqcGdeQXVyMTA0MTM5NjI2._V1_UX140_CR0,0,140,209_AL_.jpg",8.7,Ethan Winters' world suddenly comes crashing down when Chris Redfield's appearance sets off a chain of events that ultimately leads him to a mysterious village.,"7,278",2021,Action,Adventure,Drama
L.A. Noire,180.,"https://m.media-amazon.com/images/M/MV5BNWVkOGQ4NzMtY2Q2OS00OTcwLTlmMGEtMmE2MDc0NDEyY2RjXkEyXkFqcGdeQXVyMTA0MTM5NjI2._V1_UX140_CR0,0,140,209_AL_.jpg",8.7,"Cole Phelps, a war hero and rookie cop, moves up the ranks and solves dark cases in 1940s Los Angeles.","16,523",2011,Action,Crime,Drama
Until Dawn,181.,"https://m.media-amazon.com/images/M/MV5BOTVlYWVmOTYtNGI3OS00YWUyLTlkZDItMDA4ZWZiNjVmZmZmXkEyXkFqcGdeQXVyMjM5NzU3OTM@._V1_UY209_CR0,0,140,209_AL_.jpg",8.7,"A group of teenagers spend the weekend in a ski lodge on the anniversary of their friends' disappearance, unaware that they are not alone.","16,975",2015,Horror,Mystery,Thriller
Tomb Raider,182.,"https://m.media-amazon.com/images/M/MV5BZDkxMjExZjgtYWQwMi00OGYxLTgwZmMtMWY2MWU0ZTBkNGM0XkEyXkFqcGdeQXVyNTgyNTA4MjM@._V1_UX140_CR0,0,140,209_AL_.jpg",8.7,"Armed with only the raw instincts and physical ability, experience Lara Croft's intense origin story from a young woman to a hardened survivor.","20,670",2013,Action,Adventure,Fantasy
Ratchet & Clank: Rift Apart,183.,"https://m.media-amazon.com/images/M/MV5BMTJmMDdjMGItNzMyYS00NWQ3LWFhODEtZTU0OTIyNmRmYmQzXkEyXkFqcGdeQXVyMTk2OTAzNTI@._V1_UX140_CR0,0,140,209_AL_.jpg",8.7,"They've travelled through space. They've travelled through time. Now, they'll have to travel through dimensions as their galaxy seems to rip itself apart. Ratchet and Clank must save the universe - again.","2,198",2021,Action,Adventure,Comedy
Assassin's Creed IV: Black Flag,184.,"https://m.media-amazon.com/images/M/MV5BZmI4ZDNmZTUtMjE2ZS00YjRjLWExMGEtODUyZTE3NDMzZjY0XkEyXkFqcGdeQXVyNTgyNTA4MjM@._V1_UX140_CR0,0,140,209_AL_.jpg",8.7,"A video game where you play as sailor, privateer and assassin Edward Kenway exploring on and around the islands in the Caribbean Sea during the early 17th century.","19,457",2013,Action,Adventure,History
Halo 2,185.,"https://m.media-amazon.com/images/M/MV5BNDM1NDkwYWEtZjNkMC00Yzc5LTkzOTMtODcxNjQ2YTg4ZWM0XkEyXkFqcGdeQXVyMTA0MTM5NjI2._V1_UX140_CR0,0,140,209_AL_.jpg",8.7,"As the alien Covenant invade Earth, the Master Chief must defend humanity's homeworld whilst discovering more about the rings called ""Halo.""","10,368",2004,Action,Adventure,Sci-Fi
Assassin's Creed: Brotherhood,186.,"https://m.media-amazon.com/images/M/MV5BNWY1NGQ1ODUtYzY5MC00NjNjLWFhMmQtZGNkZDM0MTE3NmFlXkEyXkFqcGdeQXVyMTMyNDQxMzYz._V1_UY209_CR4,0,140,209_AL_.jpg",8.7,"Desmond Miles continues to travel the memories of Ezio Auditore, bringing him to turn-of-the-century Rome with Ezio rebuilding the assassin order to bring down the tyrannical Borgia rule.","17,236",2010,Action,Adventure,History
The Walking Dead: The Game - Season 2,187.,"https://m.media-amazon.com/images/M/MV5BZjcwOGVmODgtMWUxYS00Mjk3LTlkZDMtYjZkZDA3ZWJiYTI3XkEyXkFqcGdeQXVyNTM3NzExMDQ@._V1_UX140_CR0,0,140,209_AL_.jpg",8.7,"Left to fend for herself, Clementine has been forced to learn how to survive in a world gone mad. Many months have passed and she is in search of safety.","8,336",2013,Drama,Horror,Thriller
Super Mario RPG: Legend of the Seven Stars,188.,"https://m.media-amazon.com/images/M/MV5BNmJjNjIwZDctNmFlZC00NmU1LTg5N2EtNjllMjMzMTlmZDU3XkEyXkFqcGdeQXVyMTA0MTM5NjI2._V1_UX140_CR0,0,140,209_AL_.jpg",8.7,"Just as Mario trounces Bowser for the millionth time, a giant, malevolent sword crashes into Bowser's keep, casting Mario, Princess Toadstool and Bowser far and wide, and breaking seven pieces from the wish-granting Star Road.","1,569",1996,Action,Adventure,Family
Need for Speed: Most Wanted,189.,"https://m.media-amazon.com/images/M/MV5BZGRkZmRlZTMtNzc5NC00ODU4LTk3NzItODQ5ZWQxOTgxMzdkXkEyXkFqcGdeQXVyNTgyNTA4MjM@._V1_UX140_CR0,0,140,209_AL_.jpg",8.7,"A lone street racer must use his talents to rise to the top of the Blacklist, comprised of the 15 most elite drivers in the city of Rockport.","7,654",2005,Action,Crime,Sport
Horizon Zero Dawn: The Frozen Wilds,190.,"https://m.media-amazon.com/images/M/MV5BY2M5Y2I4MjItNWJkZC00M2Y1LThmNTMtNjVlZDhiYWRjODhhXkEyXkFqcGdeQXVyMzY0MTE3NzU@._V1_UX140_CR0,0,140,209_AL_.jpg",8.7,"Aloy's battle with the machines continues when she travels to The Cut, the home of the Banuk. There, she finds an AI that is being worshiped, and a mysterious 'Daemon' constantly attacking the Banuk.","2,259",2017,Action,Adventure,Sci-Fi
Cuphead,191.,"https://m.media-amazon.com/images/M/MV5BZjcwMmFlMjEtNDdmMC00ZjA1LWI4Y2MtOTc4MDM2ZDhkOTE0XkEyXkFqcGdeQXVyMTg2NzgzMDE@._V1_UY209_CR6,0,140,209_AL_.jpg",8.7,An anthropomorphic cup embarks on a journey and fights a series of bosses to repay a debt to the devil.,"3,694",2017,Action,Adventure,Comedy
Gears of War 2,192.,"https://m.media-amazon.com/images/M/MV5BYzhiNTdhZWItOGY2ZS00MzU0LTlkMTgtOTcxZTIxMDc3M2RlXkEyXkFqcGdeQXVyMTA0MTM5NjI2._V1_UX140_CR0,0,140,209_AL_.jpg",8.7,Marcus Fenix and his COG Delta Squad fight against the Locust army to prevent them from sinking the cities of planet Sera.,"5,881",2008,Action,Sci-Fi,War
The Lord of the Rings: The Battle for Middle-Earth,193.,"https://m.media-amazon.com/images/M/MV5BYzkwZTZkY2UtNGM0MC00NjkwLThlMmYtMzEzZjMzNThkMTIyXkEyXkFqcGdeQXVyMTA0MTM5NjI2._V1_UX140_CR0,0,140,209_AL_.jpg",8.7,"You play the events of The Lord of the Rings trilogy, both with the Fellowship of the Ring and the larger War of the Ring.","2,076",2004,Action,Adventure,Fantasy
Half-Life 2: Episode One,194.,"https://m.media-amazon.com/images/M/MV5BOGY1ODVlNmUtMmVhMS00NWNmLTgyMzktOTdlNjM0ODY0ZWE5XkEyXkFqcGdeQXVyNDUzOTQ5MjY@._V1_UY209_CR3,0,140,209_AL_.jpg",8.7,Gordon Freeman and Alyx Vance must escape City 17 following the explosion of its fusion reactor.,"5,852",2006,Action,Adventure,Sci-Fi
BioShock Infinite: Burial at Sea - Episode One,195.,"https://m.media-amazon.com/images/M/MV5BNTcwMTgwZjgtMWYwYi00NTE3LTk5Y2MtODY0ODI2YzI2YmFmXkEyXkFqcGdeQXVyNTE0ODI0NDY@._V1_UY209_CR5,0,140,209_AL_.jpg",8.7,"1958. After the events of BioShock Infinite (2013) and on the eve of the civil war that will destroy the underwater city, Elizabeth goes to Rapture to find Booker DeWitt and offers him her help to investigate the disappearance of an orphan girl.","2,367",2013,Action,Adventure,Drama
Mario Kart 64,196.,"https://m.media-amazon.com/images/M/MV5BNzNhZDg2ODctOGZkZi00OTJmLWJiMDYtMDM5YmMxMTQ4ODRjXkEyXkFqcGdeQXVyMTA3NjAwMDc4._V1_UY209_CR6,0,140,209_AL_.jpg",8.7,Nintendo's finest from the Mushroom Kingdom gather to race for first place in a multi-player mayhem classic for the Nintendo 64.,"3,500",1996,Action,Family,Fantasy
Perfect Dark,197.,"https://m.media-amazon.com/images/M/MV5BY2Y5MzY5MmItNjk0YS00MTJjLWE0NWMtZWY4NjExZjcxYmI2XkEyXkFqcGdeQXVyMTA0MTM5NjI2._V1_UX140_CR0,0,140,209_AL_.jpg",8.7,A female spy named Joanna Dark who received the highest grade ever from her spy training at Carrington Institute is sent to rescue a Doctor Caroll who sent a distress call to Carrington a few days before.,"1,633",2000,Action,Adventure,Sci-Fi
StarCraft II: Heart of the Swarm,198.,"https://m.media-amazon.com/images/M/MV5BZjQzM2MyNTctNzZhOC00YTUwLWE0MjAtMjlkYjdjODVkNzQyXkEyXkFqcGdeQXVyMTA0MTM5NjI2._V1_UX140_CR0,0,140,209_AL_.jpg",8.7,"After the events of StarCraft II: Wings of Liberty (2010), Sarah Kerrigan works to reunite the Zerg swarm in order to take revenge on Arcturus Mengsk.","1,662",2013,Action,Adventure,Sci-Fi
StarCraft II: Legacy of the Void,199.,"https://m.media-amazon.com/images/M/MV5BNjNiZjcwOGUtODBiMC00ODJjLThmZjUtMTU2ZTgyYWQ0Mjc2XkEyXkFqcGdeQXVyMjcyNzc1NTg@._V1_UY209_CR0,0,140,209_AL_.jpg",8.7,"After the events of StarCraft II: Heart of the Swarm (2013), Hierarch Artanis works to reunite the Protoss factions in order to retake their homeworld of Auir and stop Amon from destroying the galaxy.","1,048",2015,Action,Adventure,Sci-Fi
Crash Bandicoot: Warped,200.,"https://m.media-amazon.com/images/M/MV5BMjM2ZjExNzItMmRkYi00ZjE4LTk3YzMtOWNhOWI1OWQ3MDMzXkEyXkFqcGdeQXVyMTI1Mzg0ODA5._V1_UY209_CR9,0,140,209_AL_.jpg",8.7,"Crash Bandicoot, Aku Aku and Coco travel through time to stop Dr. Cortex and Aku Aku's evil twin brother Uka Uka from enslaving Earth.","2,795",1998,Action,Adventure,Comedy
Sam and Max Hit the Road,201.,"https://m.media-amazon.com/images/M/MV5BZmRhNjI4N2UtMmVjOS00MWZhLWE4YzUtNzA5ODM0YTE1YTA0XkEyXkFqcGdeQXVyMTA0MTM5NjI2._V1_UX140_CR0,0,140,209_AL_.jpg",8.7,Two screwball detectives are hired to track a couple of human oddities that went missing from a local Tourist Trap.,"1,077",1993,Adventure,Comedy,Mystery
Rome: Total War,202.,"https://m.media-amazon.com/images/M/MV5BMzNhODk5N2YtYWZmZC00YmY2LWFmN2UtZGQ4YmMwYTM4Yjk5XkEyXkFqcGdeQXVyMTA0MTM5NjI2._V1_UX140_CR0,0,140,209_AL_.jpg",8.7,"Rome: Total War is a strategy game set during the mid and late Roman Republic and early Roman Empire, with the player assuming control of one of three Roman families.","1,772",2004,Action,Adventure,War
Pokémon Versione Cristall,203.,"https://m.media-amazon.com/images/M/MV5BZmU3MzA2NzEtMjk4MS00NTE2LWFiYTItOTg3ZDkwNDUwMzEzXkEyXkFqcGdeQXVyMTA0MTM5NjI2._V1_UX140_CR0,0,140,209_AL_.jpg",8.7,"A remake of the Gold and Silver versions of Pocket Monsters, with new animations, characters, and a new female trainer.","1,164",2000,Action,Adventure,Fantasy
Pokémon: Versione blu,204.,"https://m.media-amazon.com/images/M/MV5BMDQyMzIxNTctMTAwZC00YTQ2LTgzMTYtM2QxM2Y2ZGRlODdjXkEyXkFqcGdeQXVyMTA0MTM5NjI2._V1_UX140_CR0,0,140,209_AL_.jpg",8.7,Play as a young Pokémon trainer trying to catch all 150 Pokémon.,"1,353",1996,Action,Adventure,Fantasy
Grand Theft Auto III,205.,"https://m.media-amazon.com/images/M/MV5BNjhlMmM5YmYtMWFkNS00MzJkLWI0MTAtODU1OWY2YTI4MTA1XkEyXkFqcGdeQXVyNTgyNTA4MjM@._V1_UX140_CR0,0,140,209_AL_.jpg",8.6,"A young bank robber escapes from police custody and works his way up through the mafia ladder of crime-ridden Liberty City, USA.","17,111",2001,Action,Crime,Drama
Max Payne 3,206.,"https://m.media-amazon.com/images/M/MV5BNzQyNTM0YTctZjZhYi00MDg5LWE0ZWMtODcyMmJiNzY3NGZhXkEyXkFqcGdeQXVyMTA0MTM5NjI2._V1_UX140_CR0,0,140,209_AL_.jpg",8.6,"The ex-cop turned private security guard for a wealthy family in Sao Paulo, Brazil finds himself thrown into a new deadly conflict.","11,452",2012,Action,Crime,Drama
Lego Star Wars: The Skywalker Saga,207.,"https://m.media-amazon.com/images/M/MV5BOGI3Zjc3ZTItZjY4Yi00YTM4LWJiODctNzlkZTk2ZTVmMjI4XkEyXkFqcGdeQXVyMTk2OTAzNTI@._V1_UX140_CR0,0,140,209_AL_.jpg",8.6,Play through all nine Star Wars films in a LEGO Game of epic proportions.,"2,698",2022,Action,Adventure,Comedy
Minecraft,208.,"https://m.media-amazon.com/images/M/MV5BYWIzYjUzMGUtZjJlNy00MWVlLWJjNGEtODU1OWFiOWIwOTFjXkEyXkFqcGdeQXVyNTgyNTA4MjM@._V1_UX140_CR0,0,140,209_AL_.jpg",8.6,"Welcome to the world of Minecraft where you can build, brew potions, enchant your armor and tools and adventure other biomes. Visit the Nether, or even defeat the Ender Dragon in the End.","13,805",2009,Action,Adventure,Family
Bully,209.,"https://m.media-amazon.com/images/M/MV5BYTQ5NWM4ZDgtZTFhZS00YzQwLWI5OWMtZjVlYTdhZGM4ZGNiXkEyXkFqcGdeQXVyMTA0MTM5NjI2._V1_UX140_CR0,0,140,209_AL_.jpg",8.6,A troubled teen is dropped off at the worst school in the country and must survive by rising through the rankings of the school system.,"6,147",2006,Action,Crime,Drama
Alien: Isolation,210.,"https://m.media-amazon.com/images/M/MV5BYmFhN2JiZGMtMDg1NS00MmUwLWFlMWYtOGQyMjgyNGYyYWQ1XkEyXkFqcGdeQXVyMTI0MzA4NTgw._V1_UX140_CR0,0,140,209_AL_.jpg",8.6,"In this first person survival horror adventure set fifteen years after the events of Alien (1979), Ripley's daughter becomes trapped on an alien-infested space station which holds answers to the mystery of her mother's disappearance.","6,199",2014,Horror,Sci-Fi,Thriller
Resident Evil 7: Biohazard,211.,"https://m.media-amazon.com/images/M/MV5BNGE3YTg0NDYtODIxMC00YWJkLWJkYzgtNWMyODliYTNjMWE2XkEyXkFqcGdeQXVyMTA0MTM5NjI2._V1_UX140_CR0,0,140,209_AL_.jpg",8.6,An ordinary man must embark on a search to find his missing wife that leads him to an abandoned house where a mysterious family lives who harbor an evil secret within the house and themselves.,"10,127",2017,Action,Horror,Mystery
Grand Theft Auto IV: The Ballad of Gay Tony,212.,"https://m.media-amazon.com/images/M/MV5BOTA2ZGJlMzktMWIzNi00ZDBjLTg3NzktMTFlY2E0MzNlZmFjXkEyXkFqcGdeQXVyNzU3Nzk4MDQ@._V1_UY209_CR30,0,140,209_AL_.jpg",8.6,"Luis Lopez is forced to help his boss Anthony ""Gay Tony"" Prince and clean up his mess, discovering that the rich life of Liberty City is just as dangerous as the tough streets where Luis grew up.","5,188",2009,Action,Crime,Drama
Marvel's Guardians of the Galaxy,213.,"https://m.media-amazon.com/images/M/MV5BMDJmNzk4NWQtZTZkZi00MTQ1LWI2M2EtMGVhZTllNzBhOGQyXkEyXkFqcGdeQXVyMTMyMzEyNDM1._V1_UY209_CR34,0,140,209_AL_.jpg",8.6,"After an epic conflict known as the Galactic War swept through the cosmos. Star-Lord recently formed the Guardians of the Galaxy, they've been together for less than a year.","5,519",2021,Action,Adventure,Comedy
Hellblade: Senua's Sacrifice,214.,"https://m.media-amazon.com/images/M/MV5BYzBjMTUyMTEtOWE5Mi00NGM1LTliYTgtMTlkMDZkMzljNjdlXkEyXkFqcGdeQXVyNDQ4NDAyOTE@._V1_UY209_CR5,0,140,209_AL_.jpg",8.6,"Set in the age of Vikings, a broken Celtic warrior named Senua embarks on a haunting vision quest into Viking Hell to fight for the soul of her dead lover.","4,605",2017,Action,Adventure,Drama
Doom Eternal,215.,"https://m.media-amazon.com/images/M/MV5BZWQ1NjIwYTItMzVjZC00YTgwLTliYTktZjM2ZjI0NGJmZjNmXkEyXkFqcGdeQXVyNzU3Nzk4MDQ@._V1_UY209_CR8,0,140,209_AL_.jpg",8.6,"In this sequel to Doom (2016), Hell has taken Earth, so it's up to the Doom Slayer, the ultimate demon-killing machine created by a mystical force, to rip and tear the forces of Hell apart. However, Hell is not alone in this fight.","4,106",2020,Action,Adventure,Fantasy
Borderlands 2,216.,"https://m.media-amazon.com/images/M/MV5BNjkwZTQwZTItMzVlMy00YjVkLWJjZjMtOGVmNGFjZDc3MTAxXkEyXkFqcGdeQXVyNTgyNTA4MjM@._V1_UX140_CR0,0,140,209_AL_.jpg",8.6,"A new group of adventurers arrives on the frontier planet Pandora. They are assassinated by Handsome Jack, the most powerful merc on the planet. One of them survives and with the help of a deranged talking robot seeks loot and revenge.","7,150",2012,Action,Adventure,Comedy
Halo: Reach,217.,"https://m.media-amazon.com/images/M/MV5BOTJhZmEyOTEtNzY2OS00ZGNkLTg2ZTktOTliYmE5NGFmYmZjXkEyXkFqcGdeQXVyNTAyODkwOQ@@._V1_UX140_CR0,0,140,209_AL_.jpg",8.6,A highly-trained branch of the UNSC known as the Noble Team must defend the planet of Reach from a massive Covenant invasion.,"7,610",2010,Action,Adventure,Sci-Fi
Silent Hill 3,218.,"https://m.media-amazon.com/images/M/MV5BMzMwZTU0MjItOGZmYy00MWYyLWE0OWItM2Q1YzA5MzQ0Mjg1XkEyXkFqcGdeQXVyMTA0MTM5NjI2._V1_UX140_CR0,0,140,209_AL_.jpg",8.6,Heather is suddenly thrust into a strange alternate reality filled with demonic imagery and twisted monsters. She quickly comes to find that the events unfolding around her have something to do with her past.,"4,128",2003,Drama,Horror,Mystery
Prince of Persia: Warrior Within,219.,"https://m.media-amazon.com/images/M/MV5BYTA0Yjg4NzAtOTdlMC00NDY2LThlMWMtNTNhYjA0NzhjY2RjXkEyXkFqcGdeQXVyMTA0MTM5NjI2._V1_UX140_CR0,0,140,209_AL_.jpg",8.6,A proud yet innocent prince is being chased by The Dahaka (Guardian of Time) as a consequence of his actions. He seeks aid from The Empress of Time to escape from the notion that he cannot change his fate.,"4,165",2004,Action,Adventure,Fantasy
The Chronicles of Riddick: Escape from Butcher Bay,220.,"https://m.media-amazon.com/images/M/MV5BNzQ1YjkwYmEtYzdiZC00NDFhLTg2ZDUtM2RmY2ZiMTZjNTgyXkEyXkFqcGdeQXVyMTA0MTM5NjI2._V1_UX140_CR0,0,140,209_AL_.jpg",8.6,"Set before the events of Pitch Black (2000), this game tells the story of how Richard B. Riddick obtained his ability to see in the dark.","3,418",2004,Action,Crime,Sci-Fi
Doom,221.,"https://m.media-amazon.com/images/M/MV5BYzFmN2M3NDUtY2M5NC00YTE3LWIyYzctZmEzZmM3ODRhODgyXkEyXkFqcGdeQXVyNzg5OTk2OA@@._V1_UX140_CR0,0,140,209_AL_.jpg",8.6,"In the future, an unnamed marine fights for survival on a space station on Mars where the Union Aerospace Corporation accidentally opened up a physical portal to Hell.","5,568",1993,Action,Fantasy,Horror
Little Nightmares II,222.,"https://m.media-amazon.com/images/M/MV5BYTlhNTI3MTgtMDU2MC00YTVhLWIxMDktMjc3OWVlMzMyYThjXkEyXkFqcGdeQXVyODU0MzgyNDU@._V1_UY209_CR11,0,140,209_AL_.jpg",8.6,"Little Nightmares II is a suspense-adventure game in which you play as Mono, a young boy trapped in a world that has been distorted by the humming transmission of a distant tower.","1,983",2021,Adventure,Horror,-
What Remains of Edith Finch,223.,"https://m.media-amazon.com/images/M/MV5BOTBjY2JhM2UtZTY0Yi00NjViLTlhYjMtMjlhYmRkY2Q2NjBhXkEyXkFqcGdeQXVyNDg4NjY5OTQ@._V1_UX140_CR0,0,140,209_AL_.jpg",8.6,Edith Finch travels back to the Finch family home in Washington to explore her ancestral history after recent family events drive her to learn more about herself and the Finches.,"4,233",2017,Adventure,Drama,Mystery
Command & Conquer: Red Alert 2,224.,"https://m.media-amazon.com/images/M/MV5BNDk5NzExNjc1OV5BMl5BanBnXkFtZTgwNzI4MTk4MDE@._V1_UY209_CR3,0,140,209_AL_.jpg",8.6,You play either side of a new Allied/Soviet war when the real villian is an evil master of mind control.,"3,132",2000,Action,Sci-Fi,War
Splinter Cell: Chaos Theory,225.,"https://m.media-amazon.com/images/M/MV5BYTAzYWQ4NGEtNWEwMS00M2IwLTk5ZjktNjRjM2FhYWJjOGVjXkEyXkFqcGdeQXVyMTA0MTM5NjI2._V1_UX140_CR0,0,140,209_AL_.jpg",8.6,"Proving you can't keep a good agent down, Sam Fisher returns for this third undercover outing, which takes him deep inside North Korea on an information warfare mission.","2,970",2005,Action,Adventure,Thriller
Biohazard 3: Last Escape,226.,"https://m.media-amazon.com/images/M/MV5BZGIxZDEyNDQtNzEzNy00YzBlLTlhYzgtMWNkNjJlNWNjY2U4XkEyXkFqcGdeQXVyMTA0MTM5NjI2._V1_UX140_CR0,0,140,209_AL_.jpg",8.6,"Two months after surviving the grisly disaster at the mansion lab, Jill Valentine resigns from S.T.A.R.S. and attempts to escape the ruined nightmarish Racoon city.","5,045",1999,Action,Horror,Sci-Fi
Forza Horizon 4,227.,"https://m.media-amazon.com/images/M/MV5BMTUzOTI5NTk4NV5BMl5BanBnXkFtZTgwODAyMzM0NjM@._V1_UY209_CR0,0,140,209_AL_.jpg",8.6,"Experience a shared world with dynamic seasons. Explore beautiful scenery, collect over 450 cars and become a Horizon Superstar in historic Britain. With highlight the super-car ""McLaren Senna"", in honor of Ayrton Senna.","1,837",2018,Action,Adventure,Crime
Deus Ex: Human Revolution,228.,"https://m.media-amazon.com/images/M/MV5BY2VhMjAxYzEtYzljYS00ZGM3LWJjYzEtZTBkMjNiYWVlYTg0XkEyXkFqcGdeQXVyNTAyODkwOQ@@._V1_UY209_CR2,0,140,209_AL_.jpg",8.6,"After a shadowy black ops team kidnaps several scientists security manager Adam Jensen was sworn to protect, he must harness the power of his new-found cybernetic augmentations to save their lives.","5,868",2011,Action,Adventure,Drama
The Hyrule fantasy: Zeruda no densetsu,229.,"https://m.media-amazon.com/images/M/MV5BZTdjZTdjYTEtNWUyYy00MTRkLTk2MGMtODMwMzk2NzVmZTY0XkEyXkFqcGdeQXVyNTk1MjA5MjM@._V1_UY209_CR4,0,140,209_AL_.jpg",8.6,"Follows the story of a young boy named Link that must save a kidnapped princess from the evil, demonic Ganon, who put a spell on his lair which can only be removed with the 3 pieces of the Triforce, a golden triangle with mystical powers.","3,187",1986,Action,Adventure,Fantasy
Demon's Souls,230.,"https://m.media-amazon.com/images/M/MV5BMjg2MWUzN2MtNjQwZC00YTNlLTg4YTYtNWM2MDYzZWZkNzZkXkEyXkFqcGdeQXVyMTA0MTM5NjI2._V1_UX140_CR0,0,140,209_AL_.jpg",8.6,"The great kingdom of Boletaria has fallen into disparity. King Allant has aroused the Old One from its long slumber, and a great fog descends upon the land, bringing forth great soul-devouring demons.","1,644",2009,Action,Adventure,Fantasy
Psychonauts,231.,"https://m.media-amazon.com/images/M/MV5BNmU4ZWIwMmItYzAzYy00MDM3LThiMDgtZTZmZjU0Yzk2NzM4XkEyXkFqcGdeQXVyNTgyNTA4MjM@._V1_UX140_CR0,0,140,209_AL_.jpg",8.6,"Raz, a young psychic, must battle forces greater than he if he is to save his new-found friends at the Whispering Rock psychic camp, where children are having their brains mysteriously stolen.","1,892",2005,Action,Adventure,Comedy
Celeste,232.,"https://m.media-amazon.com/images/M/MV5BM2VjODEzODItNGEwYi00ZDVmLWI2MmYtNDkxMGRhN2ZiZjk3XkEyXkFqcGdeQXVyMTA0MTM5NjI2._V1_UX140_CR0,0,140,209_AL_.jpg",8.6,"A young woman undertakes the challenge of climbing a mountain with dangerous perils and mysterious powers. Throughout her journey, she is confronted by Part Of Her, her bad side doppelgänger.","1,470",2018,Action,Adventure,Comedy
Sly 3: Honor Among Thieves,233.,"https://m.media-amazon.com/images/M/MV5BZjdiMDNlNjItMmNhMC00MTM5LWIxOGMtMTNiYTg0ZDgzYjc0XkEyXkFqcGdeQXVyMTA0MTM5NjI2._V1_UX140_CR0,0,140,209_AL_.jpg",8.6,Sly Cooper and the gang must recruit a team of world-class thieves in order to penetrate his family vault of massive wealth and collect his inheritance before an evil genius retrieves it first.,"1,120",2005,Action,Adventure,Comedy
Full Throttle,234.,"https://m.media-amazon.com/images/M/MV5BNTE3ZTZkNzQtZTkwYi00ODYyLTk2MDQtNTRjYWU2MTY2MzlmXkEyXkFqcGdeQXVyMTA0MTM5NjI2._V1_UX140_CR0,0,140,209_AL_.jpg",8.6,"Framed for murdering a motorcycle magnate, a biker gang leader tries to clear his name and take revenge on the scheming businessman responsible.","1,698",1995,Action,Adventure,Crime
Ori and the Blind Forest,235.,"https://m.media-amazon.com/images/M/MV5BZjFkY2I2NmQtZTZkNC00NjAzLThmYTYtNWVjZGI0NmM0NWYyXkEyXkFqcGdeQXVyNTI2NTY2MDI@._V1_UY209_CR17,0,140,209_AL_.jpg",8.6,"Ori fell from the Spirit Tree in the forest of Nibel during a storm and was adopted by a bear-like creature named Naru, who raised Ori as her own.","2,489",2015,Adventure,Fantasy,-
Il Signore degli Anelli: La Battaglia per la Terra di Mezzo II,236.,"https://m.media-amazon.com/images/M/MV5BNTZkZGQ1NjYtZDdkYS00ZTJhLWFhNWQtYjA2ZjZjNThmM2VhXkEyXkFqcGdeQXVyMTA0MTM5NjI2._V1_UX140_CR0,0,140,209_AL_.jpg",8.6,You play the Elf and the Dwarf nations as they fight their own battles against the forces of Sauron.,"1,854",2006,Action,Adventure,Fantasy
Crash Team Racing,237.,"https://m.media-amazon.com/images/M/MV5BMmY0MmU4NmMtZjNhMy00NjVmLTgwM2EtNTI4N2IwMzY3YWU5XkEyXkFqcGdeQXVyMTA0MTM5NjI2._V1_UX140_CR0,0,140,209_AL_.jpg",8.6,"In the fourth installment of the Crash Bandicoot series, an evil alien called Nitros Oxide challenges Crash, his friends, and even his enemies to a racing competition to see who is the fastest in the Universe.","2,133",1999,Action,Adventure,Family
Donkey Kong Country,238.,"https://m.media-amazon.com/images/M/MV5BMDhlYTliM2YtNzZkOC00NGQzLTgwYmYtYjBiZTM1ZGM3ZTliXkEyXkFqcGdeQXVyMTA0MTM5NjI2._V1_UX140_CR0,0,140,209_AL_.jpg",8.6,"Waking to find his banana hoard clean gone, Donkey Kong sets out with his nephew Diddy Kong through jungle and cavern, past temples and reef, across pine forests, factories, and mountains to rid the island of the wicked Kremlings and reclaim his bananas.","3,256",1994,Action,Adventure,Comedy
Banjo-Kazooie,239.,"https://m.media-amazon.com/images/M/MV5BMGYyMTU2ZDMtZWY1Ny00NDQwLTkyYTQtYzVmNjU5OTU1NTM5XkEyXkFqcGdeQXVyMTA0MTM5NjI2._V1_UX140_CR0,0,140,209_AL_.jpg",8.6,"The witch Gruntilda has captured Banjo's beloved sister, intending to leech the girl's youth and beauty through black magic and mad science. Banjo and Kazooie set out across nine worlds to get her back.","1,976",1998,Action,Adventure,Comedy
Alice,240.,"https://m.media-amazon.com/images/M/MV5BMWY0ZTEzMTctZGU5Yi00ZTk0LWIzYTMtMDdiMzhmY2NhMDg2XkEyXkFqcGdeQXVyMTA0MTM5NjI2._V1_UX140_CR0,0,140,209_AL_.jpg",8.6,A game with an all new story that takes place after Lewis Carroll's stories. Alice must return to Wonderland and defeat the Queen of Hearts once and for all.,"1,566",2000,Action,Adventure,Fantasy
Zeruda no densetsu: Yume o miru shima,241.,"https://m.media-amazon.com/images/M/MV5BNTg0ZjQ4MDQtZTA2Ni00MjBlLWI4NDQtNzc5MzBiOWRkYjJhXkEyXkFqcGdeQXVyMTA0MTM5NjI2._V1_UX140_CR0,0,140,209_AL_.jpg",8.6,"The ship in which Link travels back to Hyrule is destroyed in a storm. He awakens on a strange island, where he will find a new enemy and some new friends.","1,528",1993,Action,Adventure,Fantasy
Ico,242.,"https://m.media-amazon.com/images/M/MV5BZTJiOTY1YTYtYzI1OS00Yjg1LWFiNDMtODU3MTc3Y2UzZDM3XkEyXkFqcGdeQXVyMTA0MTM5NjI2._V1_UX140_CR0,0,140,209_AL_.jpg",8.6,"On a distant island, there is a legend that anyone born with horns will bring about calamity. When such a boy is locked away in a fortress, he must work together with a girl named Yorda to flee before they can be claimed by the spirits.","1,810",2001,Adventure,Drama,Fantasy
Donkey Kong Country 2: Diddy's Kong Quest,243.,"https://m.media-amazon.com/images/M/MV5BZmFiZDU0ODQtMjg5Yi00NDNhLWI0MTAtYzJkMWQzYzIxYjA1XkEyXkFqcGdeQXVyMTA0MTM5NjI2._V1_UX140_CR0,0,140,209_AL_.jpg",8.6,"Kaptain K. Rool kidnaps Donkey Kong and imprisons him high atop Crocodile Isle. Diddy Kong and his friend Dixie Kong must brave pirate ships, volcanoes, swamps, demented theme parks and deep, dark forests to rescue the gormless gorilla.","1,918",1995,Action,Adventure,-
Super Smash Bros. Brawl,244.,"https://m.media-amazon.com/images/M/MV5BMzFmMDNhYjktNWEwNy00YjAyLTlhNjUtYjQzYzIxYjhkOTEzXkEyXkFqcGdeQXVyNjcyNzkwMTc@._V1_UY209_CR14,0,140,209_AL_.jpg",8.6,"The third Super Smash Bros. title, featuring a number of new additions, including an engrossing story mode and cooperative play, new characters, new stages, and online combat.","5,126",2008,Action,Adventure,Fantasy
Dreamfall: The Longest Journey,245.,"https://m.media-amazon.com/images/M/MV5BZTUxZTRmMWEtNDUxZC00NDczLWExOTUtZjgxOGIwMWRlNWFjXkEyXkFqcGdeQXVyMTA0MTM5NjI2._V1_UX140_CR0,0,140,209_AL_.jpg",8.6,"Ten years past the inexplicable technological collapse of 2209, in a renewedly rallying future world, twenty-year-old Zoë must set out for a journey to help a friend expose an ultimate conspiracy that may be connected with the recurring visions she have been seeing lately.","1,222",2006,Adventure,Drama,Fantasy
Warcraft II: Tides of Darkness,246.,"https://m.media-amazon.com/images/M/MV5BMzE4NDNhZDEtNjJlMi00ZTU3LThjNDctMjVkZWQ5YWNmYjI0XkEyXkFqcGdeQXVyMTA0MTM5NjI2._V1_UX140_CR0,0,140,209_AL_.jpg",8.6,The land of Azeroth is being attacked by evil orcs coming from the Dark Portal. Humans will have to fight for their country.,"1,842",1995,Fantasy,-,-
Civilization IV,247.,"https://m.media-amazon.com/images/M/MV5BODY3MTM4ZTEtOWYxOC00MjIxLWFhZGItMmIwOTI0MTY2ZGU5XkEyXkFqcGdeQXVyMTA0MTM5NjI2._V1_UX140_CR0,0,140,209_AL_.jpg",8.6,"Fourth installment in the turn-based strategy series Civilization, adding new tools to manage and expand your civilization, all-new easy to use mod capabilities and intense multiplayer modes and options.","1,556",2005,-,-,-
Star Wars Jedi: Fallen Order,248.,"https://m.media-amazon.com/images/M/MV5BN2FiYjJlNGItMzU1My00ZDc3LTg4YTktM2YxMDkwMGE4YTZkXkEyXkFqcGdeQXVyNTgyNTA4MjM@._V1_UX140_CR0,0,140,209_AL_.jpg",8.5,"Set shortly after Revenge of the Sith, the player takes on the role of a Jedi padawan being hunted by the Empire after Order 66.","16,893",2019,Action,Adventure,Drama
Fallout 4,249.,"https://m.media-amazon.com/images/M/MV5BZDU1MzViNDEtNGNhMC00MDQ2LWI1NzItNzZmYWNlODkxMWZlXkEyXkFqcGdeQXVyNjgyODQ1Mzk@._V1_UY209_CR1,0,140,209_AL_.jpg",8.5,"In the post-apocalyptic Boston, Massachusetts area, you play as the ""Sole Survivor"" of Vault 111, recently revived from centuries of forced cryostasis, determined to find your kidnapped son.","14,801",2015,Action,Adventure,Drama
Rise of the Tomb Raider,250.,"https://m.media-amazon.com/images/M/MV5BMzc5OTU1N2ItNWUzNy00YWM2LWEwMTktZjIzZDNhMzBlNjJjXkEyXkFqcGdeQXVyNTM0MjE5NTc@._V1_UX140_CR0,0,140,209_AL_.jpg",8.5,"Lara Croft continues her late father's research, trekking across Siberia in search of the answers her father couldn't find, facing off against an ancient and ruthless shadow organisation.","10,966",2015,Action,Adventure,Fantasy
